Timestamp,User_Query,Triggered_Machine,Risk_Level,AI_Prescriptive_Action
2026-06-15T22:38:17.343153,EQP-A03 異常,EQP-A03,Red,此機台建議停機維護。
2026-06-15T22:41:21.554448,EQP-A03 EQP-A03,EQP-A03,Yellow,"### 🤖 AI 工廠指揮官即時處方籤 (雙引擎融合診斷)

**1. 🔍 RAG 知識庫上下文檢索 (已注入系統 Prompt Context)**
系統從 `audit_sop.docx` 中成功檢索出以下關聯度最高之規定與維修經驗段落：
- **文獻片段 #1** (相似度評分: `6.0233`):
  > *停機風險。詳細更換步驟請參閱機台原廠手冊第三章。對於 EQP-B01 與 EQP-C02 機台，振動大於 8.0Hz 時則需檢查主軸皮帶張力與聯軸器對中情況。 #ISO9001_2015_Quality (品質稽核與 CAPA 流程) 根據 ISO 9001:2015 品質管理體系要求，工廠建立以下 CAPA（糾正與預防措施）流程：當任何核心設備（EQP-A03, EQP-B01, EQP-C02*
- **文獻片段 #2** (相似度評分: `4.0190`):
  > *CAPA（糾正與預防措施）流程：當任何核心設備（EQP-A03, EQP-B01, EQP-C02）發生振動超標（紅燈風險，即 >8.0Hz）時，必須立即觸發緊急停機與故障排除。操作人員需在 24 小時內填寫並提交『設備異常與維護保養紀錄表』。主管必須在 48 小時內完成原因分析，並制定預防再發措施，由現場主管及品質負責人雙重簽核後留存，以備外部品質稽核查審。 #ISO14064_1_Carbo*

**2. 📊 DIS 數據引擎實時監控診斷**
- **觸發機台**: `EQP-A03`
- **當前風險評級**: `Yellow`
- **遙測數據實時讀取**:
  - 振動頻率 (Vibration_Hz): `7.38 Hz`
  - 生產良率 (Yield_Rate_Pct): `95.14 %`
  - 能耗功率 (Power_Consumption_kW): `115.23 kW`
- **⚠️ 系統診斷報告**: 偵測到 `EQP-A03` 處於 **Yellow (中風險)** 狀態。當前振動值 `7.38Hz` 落入 5.0~8.0Hz 的警戒區間。機台仍可運作，但建議提早巡查以防零件進一步磨損。

**3. 📋 跨部門 AI 決策處方籤與 CAPA 指引**
- **🛠️ 綜合處置指引**: 目前系統已將 `EQP-A03` 列入關注對象。請操作人員嚴密監控其滾動良率趨勢。
- **📋 知識庫合規提示**: 請參考檢索到的文獻，確保一線營運操作與 ISO 品質、綠色碳排規範完全對齊。"
2026-06-15T22:44:56.588455,接下來要怎麼做,EQP-C02,Red,"### 🤖 AI 工廠指揮官即時處方籤 (雙引擎融合診斷)

**1. 🔍 RAG 知識庫上下文檢索 (已注入系統 Prompt Context)**
系統從 `audit_sop.docx` 中成功檢索出以下關聯度最高之規定與維修經驗段落：
- **文獻片段 #1** (相似度評分: `2.0220`):
  > *停機風險。詳細更換步驟請參閱機台原廠手冊第三章。對於 EQP-B01 與 EQP-C02 機台，振動大於 8.0Hz 時則需檢查主軸皮帶張力與聯軸器對中情況。 #ISO9001_2015_Quality (品質稽核與 CAPA 流程) 根據 ISO 9001:2015 品質管理體系要求，工廠建立以下 CAPA（糾正與預防措施）流程：當任何核心設備（EQP-A03, EQP-B01, EQP-C02*
- **文獻片段 #2** (相似度評分: `1.0133`):
  > *kW 時，會引發嚴重的碳排超標風險。管理階層在進行產能與供應鏈調度時，應優先分流至低能耗機台（如節能狀態下的 EQP-C02 設備）。所有能耗超標事件必須登錄於碳盤查系統中，並執行對應的節能減碳矯正計畫。*

**2. 📊 DIS 數據引擎實時監控診斷**
- **觸發機台**: `EQP-C02`
- **當前風險評級**: `Red`
- **遙測數據實時讀取**:
  - 振動頻率 (Vibration_Hz): `4.12 Hz`
  - 生產良率 (Yield_Rate_Pct): `95.02 %`
  - 能耗功率 (Power_Consumption_kW): `120.85 kW`
- **🚨 系統診斷報告**: 偵測到 `EQP-C02` 處於 **Red (高風險)** 狀態。當前振動值 `4.12Hz` 已遠超臨界安全閥值。根據時序特徵分析，該振動尖峰發生 2 個週期後，良率已確實發生衰退（當前 `95.02%` < 90%）且能耗負載大幅飆升（當前 `120.85kW` > 150kW），存在極高零件物理失效風險。

**3. 📋 跨部門 AI 決策處方籤與 CAPA 指引**
- **🛠️ 綜合處置指引**: 目前系統已將 `EQP-C02` 列入關注對象。請操作人員嚴密監控其滾動良率趨勢。
- **📋 知識庫合規提示**: 請參考檢索到的文獻，確保一線營運操作與 ISO 品質、綠色碳排規範完全對齊。"
