Index,Poster (Excel Formula),Chinese Title,English Title,Score,Categories,Region,Duration,Release Date,Poster URL,Local Poster Path
1,"=IMAGE(""https://p0.meituan.net/movie/ce4da3e03e655b5b88ed31b5cd7896cf62472.jpg@464w_644h_1e_1c"")",霸王別姬,Farewell My Concubine,9.5,劇情/愛情,中國內地、中國香港,171 分鐘,1993-07-26 上映,https://p0.meituan.net/movie/ce4da3e03e655b5b88ed31b5cd7896cf62472.jpg@464w_644h_1e_1c,posters/1_霸王別姬.jpg
2,"=IMAGE(""https://p1.meituan.net/movie/6bea9af4524dfbd0b668eaa7e187c3df767253.jpg@464w_644h_1e_1c"")",這個殺手不太冷,Léon,9.5,劇情/動作/犯罪,法國,110 分鐘,1994-09-14 上映,https://p1.meituan.net/movie/6bea9af4524dfbd0b668eaa7e187c3df767253.jpg@464w_644h_1e_1c,posters/2_這個殺手不太冷.jpg
3,"=IMAGE(""https://p0.meituan.net/movie/283292171619cdfd5b240c8fd093f1eb255670.jpg@464w_644h_1e_1c"")",肖申克的救贖,The Shawshank Redemption,9.5,劇情/犯罪,美國,142 分鐘,1994-09-10 上映,https://p0.meituan.net/movie/283292171619cdfd5b240c8fd093f1eb255670.jpg@464w_644h_1e_1c,posters/3_肖申克的救贖.jpg
4,"=IMAGE(""https://p1.meituan.net/movie/b607fba7513e7f15eab170aac1e1400d878112.jpg@464w_644h_1e_1c"")",泰坦尼克號,Titanic,9.5,劇情/愛情/災難,美國,194 分鐘,1998-04-03 上映,https://p1.meituan.net/movie/b607fba7513e7f15eab170aac1e1400d878112.jpg@464w_644h_1e_1c,posters/4_泰坦尼克號.jpg
5,"=IMAGE(""https://p0.meituan.net/movie/289f98ceaa8a0ae737d3dc01cd05ab052213631.jpg@464w_644h_1e_1c"")",羅馬假日,Roman Holiday,9.5,劇情/喜劇/愛情,美國,118 分鐘,1953-08-20 上映,https://p0.meituan.net/movie/289f98ceaa8a0ae737d3dc01cd05ab052213631.jpg@464w_644h_1e_1c,posters/5_羅馬假日.jpg
6,"=IMAGE(""https://p0.meituan.net/movie/da64660f82b98cdc1b8a3804e69609e041108.jpg@464w_644h_1e_1c"")",唐伯虎點秋香,Flirting Scholar,9.5,喜劇/愛情/古裝,中國香港,102 分鐘,1993-07-01 上映,https://p0.meituan.net/movie/da64660f82b98cdc1b8a3804e69609e041108.jpg@464w_644h_1e_1c,posters/6_唐伯虎點秋香.jpg
7,"=IMAGE(""https://p0.meituan.net/movie/223c3e186db3ab4ea3bb14508c709400427933.jpg@464w_644h_1e_1c"")",亂世佳人,Gone with the Wind,9.5,劇情/愛情/歷史/戰爭,美國,238 分鐘,1939-12-15 上映,https://p0.meituan.net/movie/223c3e186db3ab4ea3bb14508c709400427933.jpg@464w_644h_1e_1c,posters/7_亂世佳人.jpg
8,"=IMAGE(""https://p0.meituan.net/movie/1f0d671f6a37f9d7b015e4682b8b113e174332.jpg@464w_644h_1e_1c"")",喜劇之王,The King of Comedy,9.5,劇情/喜劇/愛情,中國香港,85 分鐘,1999-02-13 上映,https://p0.meituan.net/movie/1f0d671f6a37f9d7b015e4682b8b113e174332.jpg@464w_644h_1e_1c,posters/8_喜劇之王.jpg
9,"=IMAGE(""https://p0.meituan.net/movie/8959888ee0c399b0fe53a714bc8a5a17460048.jpg@464w_644h_1e_1c"")",楚門的世界,The Truman Show,9.0,劇情/科幻,美國,103 分鐘,,https://p0.meituan.net/movie/8959888ee0c399b0fe53a714bc8a5a17460048.jpg@464w_644h_1e_1c,posters/9_楚門的世界.jpg
10,"=IMAGE(""https://p0.meituan.net/movie/27b76fe6cf3903f3d74963f70786001e1438406.jpg@464w_644h_1e_1c"")",獅子王,The Lion King,9.0,動畫/歌舞/冒險,美國,89 分鐘,1995-07-15 上映,https://p0.meituan.net/movie/27b76fe6cf3903f3d74963f70786001e1438406.jpg@464w_644h_1e_1c,posters/10_獅子王.jpg
11,"=IMAGE(""https://p1.meituan.net/movie/06ec3c1c647942b1e40bca84036014e9490863.jpg@464w_644h_1e_1c"")",V字仇殺隊,V for Vendetta,8.9,劇情/動作/科幻/驚悚,美國、英國、德國,132 分鐘,2005-12-11 上映,https://p1.meituan.net/movie/06ec3c1c647942b1e40bca84036014e9490863.jpg@464w_644h_1e_1c,posters/11_V字仇殺隊.jpg
12,"=IMAGE(""https://p0.meituan.net/movie/34998e31c6d07475f1add6b8b16fd21d192579.jpg@464w_644h_1e_1c"")",少年派的奇幻漂流,Life of Pi,8.9,劇情/奇幻/冒險,美國、中國臺灣、英國、加拿大,127 分鐘,2012-11-22 上映,https://p0.meituan.net/movie/34998e31c6d07475f1add6b8b16fd21d192579.jpg@464w_644h_1e_1c,posters/12_少年派的奇幻漂流.jpg
13,"=IMAGE(""https://p0.meituan.net/movie/7b7d1f8aa36d7a15463ce6942708a1a7265296.jpg@464w_644h_1e_1c"")",美麗心靈,A Beautiful Mind,8.8,劇情/傳記,美國,135 分鐘,2001-12-13 上映,https://p0.meituan.net/movie/7b7d1f8aa36d7a15463ce6942708a1a7265296.jpg@464w_644h_1e_1c,posters/13_美麗心靈.jpg
14,"=IMAGE(""https://p1.meituan.net/movie/05bc2f0ccf97aacfa64fcac4f237cf8082385.jpg@464w_644h_1e_1c"")",初戀這件小事,สิ่งเล็กเล็กที่เรียกว่า...รัก,8.9,喜劇/愛情,泰國,118 分鐘,2012-06-05 上映,https://p1.meituan.net/movie/05bc2f0ccf97aacfa64fcac4f237cf8082385.jpg@464w_644h_1e_1c,posters/14_初戀這件小事.jpg
15,"=IMAGE(""https://p1.meituan.net/movie/640cc32445df972b066c9a04b194da141104515.jpg@464w_644h_1e_1c"")",借東西的小人阿莉埃蒂,借りぐらしのアリエッティ,8.8,動畫/奇幻/冒險,日本,94 分鐘,2010-07-17 上映,https://p1.meituan.net/movie/640cc32445df972b066c9a04b194da141104515.jpg@464w_644h_1e_1c,posters/15_借東西的小人阿莉埃蒂.jpg
16,"=IMAGE(""https://p0.meituan.net/movie/6cb23356f9d8e0b506349561c633310d102189.jpg@464w_644h_1e_1c"")",一一,Yi yi: A One and a Two,8.8,劇情/愛情/家庭,中國臺灣、日本,173 分鐘,2000-05-15 上映,https://p0.meituan.net/movie/6cb23356f9d8e0b506349561c633310d102189.jpg@464w_644h_1e_1c,posters/16_一一.jpg
17,"=IMAGE(""https://p1.meituan.net/movie/580d81a2c78bf204f45323ddb4244b6c6821175.jpg@464w_644h_1e_1c"")",美麗人生,La vita è bella,9.1,戰爭/劇情/愛情,意大利,116 分鐘,2020-01-03 上映,https://p1.meituan.net/movie/580d81a2c78bf204f45323ddb4244b6c6821175.jpg@464w_644h_1e_1c,posters/17_美麗人生.jpg
18,"=IMAGE(""https://p0.meituan.net/movie/609e45bd40346eb8b927381be8fb27a61760914.jpg@464w_644h_1e_1c"")",海上鋼琴師,La leggenda del pianista sull'oceano,9.1,劇情/愛情/音樂,意大利,126 分鐘,2019-11-15 上映,https://p0.meituan.net/movie/609e45bd40346eb8b927381be8fb27a61760914.jpg@464w_644h_1e_1c,posters/18_海上鋼琴師.jpg
19,"=IMAGE(""https://p0.meituan.net/movie/30b20139e68c46d02e0893277d633b701292458.jpg@464w_644h_1e_1c"")",千與千尋,千と千尋の神隠し,9.1,動畫/冒險/奇幻/家庭,日本,125 分鐘,2019-06-21 上映,https://p0.meituan.net/movie/30b20139e68c46d02e0893277d633b701292458.jpg@464w_644h_1e_1c,posters/19_千與千尋.jpg
20,"=IMAGE(""https://p1.meituan.net/movie/a1634f4e49c8517ae0a3e4adcac6b0dc43994.jpg@464w_644h_1e_1c"")",遷徙的鳥,The Travelling Birds,9.1,紀錄片,法國、德國、意大利、西班牙、瑞士,98 分鐘,2001-12-12 上映,https://p1.meituan.net/movie/a1634f4e49c8517ae0a3e4adcac6b0dc43994.jpg@464w_644h_1e_1c,posters/20_遷徙的鳥.jpg
21,"=IMAGE(""https://p0.meituan.net/movie/cd18ed2c5cda9e71e17e5e6ef61ced172912303.jpg@464w_644h_1e_1c"")",黃金三鏢客,"Il buono, il brutto, il cattivo.",9.1,西部/冒險,意大利、西班牙、西德,161 分鐘,1966-12-23 上映,https://p0.meituan.net/movie/cd18ed2c5cda9e71e17e5e6ef61ced172912303.jpg@464w_644h_1e_1c,posters/21_黃金三鏢客.jpg
22,"=IMAGE(""https://p1.meituan.net/movie/a19a7f64a10e133b68de87d2f3bc46f3111417.jpg@464w_644h_1e_1c"")",海洋,Océans,9.1,紀錄片,法國、瑞士、西班牙、美國、阿聯酋,104 分鐘,2011-08-12 上映,https://p1.meituan.net/movie/a19a7f64a10e133b68de87d2f3bc46f3111417.jpg@464w_644h_1e_1c,posters/22_海洋.jpg
23,"=IMAGE(""https://p1.meituan.net/movie/ed50b58bf636d207c56989872a91f4cf305138.jpg@464w_644h_1e_1c"")",我愛你,그대를 사랑합니다,9.1,劇情/愛情,韓國,118 分鐘,2011-02-17 上映,https://p1.meituan.net/movie/ed50b58bf636d207c56989872a91f4cf305138.jpg@464w_644h_1e_1c,posters/23_我愛你.jpg
24,"=IMAGE(""https://p0.meituan.net/movie/85215b28d568ea8e2c97766edd95f890210522.jpg@464w_644h_1e_1c"")",阿飛正傳,Days of Being Wild,9.1,劇情/愛情/犯罪,中國香港,94 分鐘,2018-06-25 上映,https://p0.meituan.net/movie/85215b28d568ea8e2c97766edd95f890210522.jpg@464w_644h_1e_1c,posters/24_阿飛正傳.jpg
25,"=IMAGE(""https://p1.meituan.net/movie/a53a0200eba15ba483c905c872db9bf4331099.jpg@464w_644h_1e_1c"")",7號房的禮物,7번방의 선물,8.8,劇情/喜劇/家庭,韓國,127 分鐘,2013-01-23 上映,https://p1.meituan.net/movie/a53a0200eba15ba483c905c872db9bf4331099.jpg@464w_644h_1e_1c,posters/25_7號房的禮物.jpg
26,"=IMAGE(""https://p0.meituan.net/movie/de1142a5dceb901eb939eb0bcfc2f88470909.jpg@464w_644h_1e_1c"")",愛·回家,집으로...,9.1,劇情/家庭,韓國,80 分鐘,2002-04-05 上映,https://p0.meituan.net/movie/de1142a5dceb901eb939eb0bcfc2f88470909.jpg@464w_644h_1e_1c,posters/26_愛·回家.jpg
27,"=IMAGE(""https://p0.meituan.net/movie/c304c687e287c7c2f9e22cf78257872d277201.jpg@464w_644h_1e_1c"")",龍貓,となりのトトロ,9.1,動畫/冒險/奇幻/家庭,日本,86 分鐘,2018-12-14 上映,https://p0.meituan.net/movie/c304c687e287c7c2f9e22cf78257872d277201.jpg@464w_644h_1e_1c,posters/27_龍貓.jpg
28,"=IMAGE(""https://p1.meituan.net/movie/4ffca83fd972f71e291f8ea8d78a4b58594878.jpg@464w_644h_1e_1c"")",七武士,七人の侍,8.8,劇情/動作/冒險,日本,207 分鐘,1954-04-26 上映,https://p1.meituan.net/movie/4ffca83fd972f71e291f8ea8d78a4b58594878.jpg@464w_644h_1e_1c,posters/28_七武士.jpg
29,"=IMAGE(""https://p1.meituan.net/movie/92198a6fc8c3f5d13aa1bdf203572c0f99438.jpg@464w_644h_1e_1c"")",美國往事,Once Upon a Time in America,8.8,劇情/犯罪,意大利、美國,229 分鐘,2015-04-23 上映,https://p1.meituan.net/movie/92198a6fc8c3f5d13aa1bdf203572c0f99438.jpg@464w_644h_1e_1c,posters/29_美國往事.jpg
30,"=IMAGE(""https://p1.meituan.net/movie/30310858fdab34c7a17cfd7ec8ad8bfc112201.jpg@464w_644h_1e_1c"")",完美的世界,A Perfect World,8.8,劇情/犯罪,美國,138 分鐘,1993-11-24 上映,https://p1.meituan.net/movie/30310858fdab34c7a17cfd7ec8ad8bfc112201.jpg@464w_644h_1e_1c,posters/30_完美的世界.jpg
31,"=IMAGE(""https://p1.meituan.net/movie/b553d13f30100db731ab6cf45668e52d94703.jpg@464w_644h_1e_1c"")",上帝之城,Cidade de Deus,8.8,劇情/犯罪,巴西、法國,130 分鐘,,https://p1.meituan.net/movie/b553d13f30100db731ab6cf45668e52d94703.jpg@464w_644h_1e_1c,posters/31_上帝之城.jpg
32,"=IMAGE(""https://p0.meituan.net/movie/1433d81b10d116239dbbf02a06ac3c19265682.jpg@464w_644h_1e_1c"")",辯護人,변호인,8.8,劇情,韓國,127 分鐘,2013-12-18 上映,https://p0.meituan.net/movie/1433d81b10d116239dbbf02a06ac3c19265682.jpg@464w_644h_1e_1c,posters/32_辯護人.jpg
33,"=IMAGE(""https://p0.meituan.net/movie/2d42e00d7ee59ff5bd574f93b8558aa726665.jpg@464w_644h_1e_1c"")",忠犬八公物語,ハチ公物語,8.8,劇情,日本,107 分鐘,1987-08-01 上映,https://p0.meituan.net/movie/2d42e00d7ee59ff5bd574f93b8558aa726665.jpg@464w_644h_1e_1c,posters/33_忠犬八公物語.jpg
34,"=IMAGE(""https://p0.meituan.net/movie/eb2ea56996f21e7fb47b1a0736c7f177258901.jpg@464w_644h_1e_1c"")",海豚灣,The Cove,8.8,紀錄片,美國,92 分鐘,2009-07-31 上映,https://p0.meituan.net/movie/eb2ea56996f21e7fb47b1a0736c7f177258901.jpg@464w_644h_1e_1c,posters/34_海豚灣.jpg
35,"=IMAGE(""https://p0.meituan.net/movie/3e5f5f3aa4b7e5576521e26c2c7c894d253975.jpg@464w_644h_1e_1c"")",英雄本色,A Better Tomorrow,8.8,劇情/動作/犯罪,中國香港,95 分鐘,2017-11-17 上映,https://p0.meituan.net/movie/3e5f5f3aa4b7e5576521e26c2c7c894d253975.jpg@464w_644h_1e_1c,posters/35_英雄本色.jpg
36,"=IMAGE(""https://p0.meituan.net/movie/1da0af2570fe697d38c4a37fdfded19b254936.jpg@464w_644h_1e_1c"")",恐怖直播,더 테러 라이브,8.8,劇情/懸疑/犯罪,韓國,97 分鐘,2013-07-31 上映,https://p0.meituan.net/movie/1da0af2570fe697d38c4a37fdfded19b254936.jpg@464w_644h_1e_1c,posters/36_恐怖直播.jpg
37,"=IMAGE(""https://p0.meituan.net/movie/3985eaf3858bea0f2a3d966bf7ee2103178217.jpg@464w_644h_1e_1c"")",竊聽風暴,Das Leben der Anderen,8.8,劇情/懸疑,德國,137 分鐘,2006-03-23 上映,https://p0.meituan.net/movie/3985eaf3858bea0f2a3d966bf7ee2103178217.jpg@464w_644h_1e_1c,posters/37_竊聽風暴.jpg
38,"=IMAGE(""https://p0.meituan.net/movie/6d8491386d07cda91967a6fbbd0d0788294693.jpg@464w_644h_1e_1c"")",時空戀旅人,About Time,8.8,喜劇/愛情/奇幻,英國,123 分鐘,2013-09-04 上映,https://p0.meituan.net/movie/6d8491386d07cda91967a6fbbd0d0788294693.jpg@464w_644h_1e_1c,posters/38_時空戀旅人.jpg
39,"=IMAGE(""https://p1.meituan.net/movie/d5970e36c8868a4b746c80f3b3f8a404174615.jpg@464w_644h_1e_1c"")",穿條紋睡衣的男孩,The Boy in the Striped Pajamas,8.8,劇情/戰爭,英國、美國,94 分鐘,2008-08-28 上映,https://p1.meituan.net/movie/d5970e36c8868a4b746c80f3b3f8a404174615.jpg@464w_644h_1e_1c,posters/39_穿條紋睡衣的男孩.jpg
40,"=IMAGE(""https://p0.meituan.net/movie/1199dc6273680f175fd9b06c9c36d08a219658.jpg@464w_644h_1e_1c"")",教父,The Godfather,8.8,劇情/犯罪,美國,175 分鐘,2015-04-18 上映,https://p0.meituan.net/movie/1199dc6273680f175fd9b06c9c36d08a219658.jpg@464w_644h_1e_1c,posters/40_教父.jpg
41,"=IMAGE(""https://p1.meituan.net/movie/4c55f3bf5fa9660db3cb7014651a0950267034.jpg@464w_644h_1e_1c"")",螢火之森,蛍火の杜へ,8.8,劇情/愛情/動畫/奇幻,日本,45 分鐘,2011-09-17 上映,https://p1.meituan.net/movie/4c55f3bf5fa9660db3cb7014651a0950267034.jpg@464w_644h_1e_1c,posters/41_螢火之森.jpg
42,"=IMAGE(""https://p0.meituan.net/movie/19653e8af59cf473cd40f9ccc0658d93692304.jpg@464w_644h_1e_1c"")",素媛,소원,8.8,劇情,韓國,123 分鐘,2013-10-02 上映,https://p0.meituan.net/movie/19653e8af59cf473cd40f9ccc0658d93692304.jpg@464w_644h_1e_1c,posters/42_素媛.jpg
43,"=IMAGE(""https://p1.meituan.net/movie/135c612860fae899df2220149664d97a173555.jpg@464w_644h_1e_1c"")",小鞋子,بچههای آسمان,8.8,劇情/家庭,伊朗,89 分鐘,,https://p1.meituan.net/movie/135c612860fae899df2220149664d97a173555.jpg@464w_644h_1e_1c,posters/43_小鞋子.jpg
44,"=IMAGE(""https://p1.meituan.net/movie/2a0783b4fd95566568f24adfad2181bb5392280.jpg@464w_644h_1e_1c"")",熔爐,도가니,8.8,劇情,韓國,125 分鐘,2011-09-22 上映,https://p1.meituan.net/movie/2a0783b4fd95566568f24adfad2181bb5392280.jpg@464w_644h_1e_1c,posters/44_熔爐.jpg
45,"=IMAGE(""https://p1.meituan.net/moviemachine/508056769092059fe43a611b949f27d14863831.jpg@464w_644h_1e_1c"")",大話西遊之大聖娶親,A Chinese Odyssey Part Two - Cinderella,8.9,喜劇/愛情/奇幻,中國香港、中國大陸,110 分鐘,2014-10-24 上映,https://p1.meituan.net/moviemachine/508056769092059fe43a611b949f27d14863831.jpg@464w_644h_1e_1c,posters/45_大話西遊之大聖娶親.jpg
46,"=IMAGE(""https://p1.meituan.net/movie/7833126c8c21a11571bb52fbdece0acb811449.jpg@464w_644h_1e_1c"")",新龍門客棧,New Dragon Gate Inn,8.9,動作/愛情/武俠/古裝,中國香港、中國大陸,88 分鐘,2012-02-24 上映,https://p1.meituan.net/movie/7833126c8c21a11571bb52fbdece0acb811449.jpg@464w_644h_1e_1c,posters/46_新龍門客棧.jpg
47,"=IMAGE(""https://p1.meituan.net/movie/1e700e53e4fe29dd5942381bb353c8532239179.jpg@464w_644h_1e_1c"")",觸不可及,Intouchables,8.9,劇情/喜劇,法國,112 分鐘,2011-11-02 上映,https://p1.meituan.net/movie/1e700e53e4fe29dd5942381bb353c8532239179.jpg@464w_644h_1e_1c,posters/47_觸不可及.jpg
48,"=IMAGE(""https://p0.meituan.net/movie/bcbe59fc51580317adf94537a61a1a26142090.jpg@464w_644h_1e_1c"")",鋼琴家,The Pianist,8.9,劇情/音樂/傳記/歷史/戰爭,法國、德國、英國、波蘭,150 分鐘,2002-05-24 上映,https://p0.meituan.net/movie/bcbe59fc51580317adf94537a61a1a26142090.jpg@464w_644h_1e_1c,posters/48_鋼琴家.jpg
49,"=IMAGE(""https://p0.meituan.net/movie/2526f77c650bf7cf3d5ee2dccdeac332244951.jpg@464w_644h_1e_1c"")",本傑明·巴頓奇事,The Curious Case of Benjamin Button,8.9,劇情/愛情/奇幻,美國,166 分鐘,2008-12-25 上映,https://p0.meituan.net/movie/2526f77c650bf7cf3d5ee2dccdeac332244951.jpg@464w_644h_1e_1c,posters/49_本傑明·巴頓奇事.jpg
50,"=IMAGE(""https://p1.meituan.net/movie/96d98200d2afb4b87ff189f9c15b6545568339.jpg@464w_644h_1e_1c"")",倩女幽魂,A Chinese Ghost Story,8.9,愛情/奇幻/武俠/古裝,中國香港,98 分鐘,2011-04-30 上映,https://p1.meituan.net/movie/96d98200d2afb4b87ff189f9c15b6545568339.jpg@464w_644h_1e_1c,posters/50_倩女幽魂.jpg
51,"=IMAGE(""https://p1.meituan.net/movie/bb0eca029cd25329776a4549b3fbe262924727.jpg@464w_644h_1e_1c"")",哈利·波特與死亡聖器（下）,Harry Potter and the Deathly Hallows: Part 2,8.9,劇情/懸疑/奇幻/冒險,英國、美國,130 分鐘,2011-08-04 上映,https://p1.meituan.net/movie/bb0eca029cd25329776a4549b3fbe262924727.jpg@464w_644h_1e_1c,posters/51_哈利·波特與死亡聖器（下）.jpg
52,"=IMAGE(""https://p1.meituan.net/movie/0b0d45b58946078dd24d4945dd6be3b51329411.jpg@464w_644h_1e_1c"")",甜蜜蜜,Comrades: Almost a Love Story,8.9,劇情/愛情,中國香港,118 分鐘,2015-02-13 上映,https://p1.meituan.net/movie/0b0d45b58946078dd24d4945dd6be3b51329411.jpg@464w_644h_1e_1c,posters/52_甜蜜蜜.jpg
53,"=IMAGE(""https://p0.meituan.net/movie/f7f4b4099773268f8290ed033f49dc01377512.jpg@464w_644h_1e_1c"")",蝙蝠俠：黑暗騎士崛起,The Dark Knight Rises,8.9,劇情/動作/科幻/驚悚/犯罪,美國、英國,165 分鐘,2012-08-27 上映,https://p0.meituan.net/movie/f7f4b4099773268f8290ed033f49dc01377512.jpg@464w_644h_1e_1c,posters/53_蝙蝠俠：黑暗騎士崛起.jpg
54,"=IMAGE(""https://p0.meituan.net/movie/34f9202c5e823f490ffec4c69d5d0028137395.jpg@464w_644h_1e_1c"")",鬼子來了,Devils on the Doorstep,8.8,劇情/戰爭,中國大陸,139 分鐘,2000-05-13 上映,https://p0.meituan.net/movie/34f9202c5e823f490ffec4c69d5d0028137395.jpg@464w_644h_1e_1c,posters/54_鬼子來了.jpg
55,"=IMAGE(""https://p1.meituan.net/movie/70a574550c4bb928dcc6a40641294785150838.jpg@464w_644h_1e_1c"")",無敵破壞王,Wreck-It Ralph,8.8,喜劇/動畫/奇幻/冒險,美國,101 分鐘,2012-11-06 上映,https://p1.meituan.net/movie/70a574550c4bb928dcc6a40641294785150838.jpg@464w_644h_1e_1c,posters/55_無敵破壞王.jpg
56,"=IMAGE(""https://p0.meituan.net/movie/83df1c541e6e0696e67ce7da81cb1e1a251258.jpg@464w_644h_1e_1c"")",致命魔術,The Prestige,8.8,劇情/懸疑/驚悚,美國、英國,130 分鐘,2006-10-17 上映,https://p0.meituan.net/movie/83df1c541e6e0696e67ce7da81cb1e1a251258.jpg@464w_644h_1e_1c,posters/56_致命魔術.jpg
57,"=IMAGE(""https://p0.meituan.net/movie/85c2bfba6025bfbfb53291ae5924c215308805.jpg@464w_644h_1e_1c"")",神偷奶爸,Despicable Me,8.8,喜劇/動畫/冒險,美國、法國,95 分鐘,2010-06-20 上映,https://p0.meituan.net/movie/85c2bfba6025bfbfb53291ae5924c215308805.jpg@464w_644h_1e_1c,posters/57_神偷奶爸.jpg
58,"=IMAGE(""https://p0.meituan.net/movie/e71affe126eeb4f8bfcc738cbddeebc8288766.jpg@464w_644h_1e_1c"")",斷背山,Brokeback Mountain,8.8,劇情/愛情/家庭,美國、加拿大,134 分鐘,2005-09-02 上映,https://p0.meituan.net/movie/e71affe126eeb4f8bfcc738cbddeebc8288766.jpg@464w_644h_1e_1c,posters/58_斷背山.jpg
59,"=IMAGE(""https://p0.meituan.net/movie/15f1ac49b6d1ff7b71207672993ed6901536456.jpg@464w_644h_1e_1c"")",怦然心動,Flipped,8.8,劇情/喜劇/愛情,美國,90 分鐘,2010-07-26 上映,https://p0.meituan.net/movie/15f1ac49b6d1ff7b71207672993ed6901536456.jpg@464w_644h_1e_1c,posters/59_怦然心動.jpg
60,"=IMAGE(""https://p0.meituan.net/movie/b0d97e4158b47d653d7a81d66f7dd3092146907.jpg@464w_644h_1e_1c"")",馴龍高手,How to Train Your Dragon,8.8,喜劇/動畫/奇幻/冒險,美國,98 分鐘,2010-05-14 上映,https://p0.meituan.net/movie/b0d97e4158b47d653d7a81d66f7dd3092146907.jpg@464w_644h_1e_1c,posters/60_馴龍高手.jpg
61,"=IMAGE(""https://p0.meituan.net/movie/f9356a376358f1576da3263d998eca7a94624.jpg@464w_644h_1e_1c"")",飛屋環遊記,Up,8.8,劇情/喜劇/動畫/冒險,美國,96 分鐘,2009-08-04 上映,https://p0.meituan.net/movie/f9356a376358f1576da3263d998eca7a94624.jpg@464w_644h_1e_1c,posters/61_飛屋環遊記.jpg
62,"=IMAGE(""https://p0.meituan.net/movie/2e383b5f5f306f10f9f26d9f1c28cf1d825537.jpg@464w_644h_1e_1c"")",黑客帝國3：矩陣革命,The Matrix Revolutions,8.8,動作/科幻,美國、澳大利亞,129 分鐘,2003-11-05 上映,https://p0.meituan.net/movie/2e383b5f5f306f10f9f26d9f1c28cf1d825537.jpg@464w_644h_1e_1c,posters/62_黑客帝國3：矩陣革命.jpg
63,"=IMAGE(""https://p0.meituan.net/movie/845ce32778a1b3f258de089f91a3979b5766154.jpg@464w_644h_1e_1c"")",速度與激情5,Fast Five,8.9,動作/犯罪,美國,130 分鐘,2011-05-12 上映,https://p0.meituan.net/movie/845ce32778a1b3f258de089f91a3979b5766154.jpg@464w_644h_1e_1c,posters/63_速度與激情5.jpg
64,"=IMAGE(""https://p1.meituan.net/movie/f8e9d5a90224746d15dfdbd53d4fae3d209420.jpg@464w_644h_1e_1c"")",勇敢的心,Braveheart,8.9,劇情/動作/傳記/歷史/戰爭,美國,177 分鐘,1995-05-18 上映,https://p1.meituan.net/movie/f8e9d5a90224746d15dfdbd53d4fae3d209420.jpg@464w_644h_1e_1c,posters/64_勇敢的心.jpg
65,"=IMAGE(""https://p1.meituan.net/movie/ca4a128a5a54d5b5e35ceba622636c831810197.jpg@464w_644h_1e_1c"")",三傻大鬧寶萊塢,3 Idiots,8.9,劇情/喜劇/愛情/歌舞,印度,171 分鐘,2011-12-08 上映,https://p1.meituan.net/movie/ca4a128a5a54d5b5e35ceba622636c831810197.jpg@464w_644h_1e_1c,posters/65_三傻大鬧寶萊塢.jpg
66,"=IMAGE(""https://p1.meituan.net/movie/8d7b0b902afd4ec1a3dd7a9c6149463c187734.jpg@464w_644h_1e_1c"")",聞香識女人,Scent of a Woman,8.9,劇情,美國,157 分鐘,1992-12-23 上映,https://p1.meituan.net/movie/8d7b0b902afd4ec1a3dd7a9c6149463c187734.jpg@464w_644h_1e_1c,posters/66_聞香識女人.jpg
67,"=IMAGE(""https://p1.meituan.net/movie/21b9211eb1094af360842472018db634286646.jpg@464w_644h_1e_1c"")",末代皇帝,The Last Emperor,8.9,劇情/傳記/歷史,英國、意大利、中國大陸、法國、美國,163 分鐘,1987-10-23 上映,https://p1.meituan.net/movie/21b9211eb1094af360842472018db634286646.jpg@464w_644h_1e_1c,posters/67_末代皇帝.jpg
68,"=IMAGE(""https://p0.meituan.net/movie/4f9638ba234c3fb673f23a09968db875371576.jpg@464w_644h_1e_1c"")",風之谷,風の谷のナウシカ,8.9,動畫/奇幻/冒險,日本,117 分鐘,,https://p0.meituan.net/movie/4f9638ba234c3fb673f23a09968db875371576.jpg@464w_644h_1e_1c,posters/68_風之谷.jpg
69,"=IMAGE(""https://p0.meituan.net/movie/396266d8b711958841b3536a3fa7b868211445.jpg@464w_644h_1e_1c"")",大話西遊之月光寶盒,A Chinese Odyssey,8.9,喜劇/愛情/奇幻/古裝,中國香港、中國大陸,87 分鐘,2014-10-24 上映,https://p0.meituan.net/movie/396266d8b711958841b3536a3fa7b868211445.jpg@464w_644h_1e_1c,posters/69_大話西遊之月光寶盒.jpg
70,"=IMAGE(""https://p0.meituan.net/movie/70de97ebb6b5251ecb7c3f6d7a782a7f189340.jpg@464w_644h_1e_1c"")",放牛班的春天,Les choristes,8.9,劇情/音樂,法國、德國、瑞士,97 分鐘,2004-10-16 上映,https://p0.meituan.net/movie/70de97ebb6b5251ecb7c3f6d7a782a7f189340.jpg@464w_644h_1e_1c,posters/70_放牛班的春天.jpg
71,"=IMAGE(""https://p1.meituan.net/movie/7d1d85610651dbe1c8687781a87d1008184950.jpg@464w_644h_1e_1c"")",當幸福來敲門,The Pursuit of Happyness,8.9,劇情/家庭/傳記,美國,117 分鐘,2008-01-17 上映,https://p1.meituan.net/movie/7d1d85610651dbe1c8687781a87d1008184950.jpg@464w_644h_1e_1c,posters/71_當幸福來敲門.jpg
72,"=IMAGE(""https://p0.meituan.net/movie/a08f65e6cb50fab32df5da69ff116f593095363.jpg@464w_644h_1e_1c"")",幽靈公主,もののけ姫,8.9,動畫/奇幻/冒險,日本,134 分鐘,1998-05-01 上映,https://p0.meituan.net/movie/a08f65e6cb50fab32df5da69ff116f593095363.jpg@464w_644h_1e_1c,posters/72_幽靈公主.jpg
73,"=IMAGE(""https://p0.meituan.net/movie/df15efd261060d3094a73ef679888d4f238149.jpg@464w_644h_1e_1c"")",十二怒漢,12 Angry Men,8.9,劇情,美國,96 分鐘,1957-04-13 上映,https://p0.meituan.net/movie/df15efd261060d3094a73ef679888d4f238149.jpg@464w_644h_1e_1c,posters/73_十二怒漢.jpg
74,"=IMAGE(""https://p0.meituan.net/movie/b3defc07dfaa1b6f5b74852ce38a3f8f242792.jpg@464w_644h_1e_1c"")",搏擊俱樂部,Fight Club,8.9,劇情/動作/懸疑/驚悚,美國、德國,139 分鐘,1999-09-10 上映,https://p0.meituan.net/movie/b3defc07dfaa1b6f5b74852ce38a3f8f242792.jpg@464w_644h_1e_1c,posters/74_搏擊俱樂部.jpg
75,"=IMAGE(""https://p1.meituan.net/movie/bc022b86345c643ca21d759166f77a553679589.jpg@464w_644h_1e_1c"")",瘋狂原始人,The Croods,8.9,喜劇/動畫/冒險,美國,98 分鐘,2013-04-20 上映,https://p1.meituan.net/movie/bc022b86345c643ca21d759166f77a553679589.jpg@464w_644h_1e_1c,posters/75_瘋狂原始人.jpg
76,"=IMAGE(""https://p1.meituan.net/movie/e540384dc6c9f63bdb27cc554588a77f44305.jpg@464w_644h_1e_1c"")",阿凡達,Avatar,8.9,動作/科幻/冒險,美國、英國,162 分鐘,2010-01-04 上映,https://p1.meituan.net/movie/e540384dc6c9f63bdb27cc554588a77f44305.jpg@464w_644h_1e_1c,posters/76_阿凡達.jpg
77,"=IMAGE(""https://p0.meituan.net/movie/0127b451d5b8f0679c6f81c8ed414bb2432442.jpg@464w_644h_1e_1c"")",哈爾的移動城堡,ハウルの動く城,8.9,動畫/奇幻/冒險,日本,119 分鐘,2004-09-05 上映,https://p0.meituan.net/movie/0127b451d5b8f0679c6f81c8ed414bb2432442.jpg@464w_644h_1e_1c,posters/77_哈爾的移動城堡.jpg
78,"=IMAGE(""https://p1.meituan.net/movie/d40efe1183f29d5900f5c60be3c8a89d339225.jpg@464w_644h_1e_1c"")",盜夢空間,Inception,8.9,劇情/科幻/懸疑/冒險,美國、英國,148 分鐘,2010-09-01 上映,https://p1.meituan.net/movie/d40efe1183f29d5900f5c60be3c8a89d339225.jpg@464w_644h_1e_1c,posters/78_盜夢空間.jpg
79,"=IMAGE(""https://p0.meituan.net/movie/5f0a709378d6b567807aa9685610f818282136.jpg@464w_644h_1e_1c"")",忠犬八公的故事,Hachi: A Dog's Tale,8.9,劇情,美國、英國,93 分鐘,2009-06-13 上映,https://p0.meituan.net/movie/5f0a709378d6b567807aa9685610f818282136.jpg@464w_644h_1e_1c,posters/79_忠犬八公的故事.jpg
80,"=IMAGE(""https://p1.meituan.net/movie/a2a287c77415dc1f85b04d288f7d63ab1089754.jpg@464w_644h_1e_1c"")",拯救大兵瑞恩,Saving Private Ryan,8.9,劇情/歷史/戰爭,美國,169 分鐘,1998-11-13 上映,https://p1.meituan.net/movie/a2a287c77415dc1f85b04d288f7d63ab1089754.jpg@464w_644h_1e_1c,posters/80_拯救大兵瑞恩.jpg
81,"=IMAGE(""https://p0.meituan.net/movie/4c41068ef7608c1d4fbfbe6016e589f7204391.jpg@464w_644h_1e_1c"")",活着,To Live,9.0,劇情/家庭/歷史,中國大陸、中國香港,132 分鐘,1994-05-17 上映,https://p0.meituan.net/movie/4c41068ef7608c1d4fbfbe6016e589f7204391.jpg@464w_644h_1e_1c,posters/81_活着.jpg
82,"=IMAGE(""https://p0.meituan.net/movie/267dd2483f0fb57081474c00fbea38451415571.jpg@464w_644h_1e_1c"")",機器人總動員,WALL·E,9.0,喜劇/科幻/動畫,美國,98 分鐘,2008-06-27 上映,https://p0.meituan.net/movie/267dd2483f0fb57081474c00fbea38451415571.jpg@464w_644h_1e_1c,posters/82_機器人總動員.jpg
83,"=IMAGE(""https://p0.meituan.net/movie/76fc92cfa6c8f2959431b8aa604ef7ae126414.jpg@464w_644h_1e_1c"")",天堂電影院,Nuovo Cinema Paradiso,9.0,劇情/愛情,意大利、法國,155 分鐘,1988-11-17 上映,https://p0.meituan.net/movie/76fc92cfa6c8f2959431b8aa604ef7ae126414.jpg@464w_644h_1e_1c,posters/83_天堂電影院.jpg
84,"=IMAGE(""https://p0.meituan.net/movie/02bb9fd161c05bad6089133098efcdb5546589.jpg@464w_644h_1e_1c"")",指環王2：雙塔奇兵,The Lord of the Rings: The Two Towers,9.0,劇情/動作/奇幻/冒險,美國、新西蘭,179 分鐘,2003-04-25 上映,https://p0.meituan.net/movie/02bb9fd161c05bad6089133098efcdb5546589.jpg@464w_644h_1e_1c,posters/84_指環王2：雙塔奇兵.jpg
85,"=IMAGE(""https://p1.meituan.net/movie/dd08154878aac7c8c649fe3eeb8ccd0a2498277.jpg@464w_644h_1e_1c"")",指環王1：護戒使者,The Lord of the Rings: The Fellowship of the Ring,9.0,劇情/動作/奇幻/冒險,新西蘭、美國,178 分鐘,2002-04-04 上映,https://p1.meituan.net/movie/dd08154878aac7c8c649fe3eeb8ccd0a2498277.jpg@464w_644h_1e_1c,posters/85_指環王1：護戒使者.jpg
86,"=IMAGE(""https://p0.meituan.net/movie/86c5190ba1d1236093c13f2fe9ed8dd4150050.jpg@464w_644h_1e_1c"")",射鵰英雄傳之東成西就,The Eagle Shooting Heroes,9.0,喜劇/奇幻/武俠/古裝,中國香港,113 分鐘,1993-02-05 上映,https://p0.meituan.net/movie/86c5190ba1d1236093c13f2fe9ed8dd4150050.jpg@464w_644h_1e_1c,posters/86_射鵰英雄傳之東成西就.jpg
87,"=IMAGE(""https://p0.meituan.net/movie/09658109acfea0e248a63932337d8e6a4268980.jpg@464w_644h_1e_1c"")",蝙蝠俠：黑暗騎士,The Dark Knight,9.0,劇情/動作/科幻/驚悚/犯罪,美國、英國,152 分鐘,2008-07-14 上映,https://p0.meituan.net/movie/09658109acfea0e248a63932337d8e6a4268980.jpg@464w_644h_1e_1c,posters/87_蝙蝠俠：黑暗騎士.jpg
88,"=IMAGE(""https://p0.meituan.net/movie/606de8f394d40dbcbb9b87943fec71a2130408.jpg@464w_644h_1e_1c"")",無間道,Infernal Affairs,9.0,劇情/懸疑/犯罪,中國香港,101 分鐘,2003-09-05 上映,https://p0.meituan.net/movie/606de8f394d40dbcbb9b87943fec71a2130408.jpg@464w_644h_1e_1c,posters/88_無間道.jpg
89,"=IMAGE(""https://p0.meituan.net/movie/bb1dee5e0b25889a2410211c1d5010ae190824.jpg@464w_644h_1e_1c"")",教父2,The Godfather: Part Ⅱ,9.0,劇情/犯罪,美國,202 分鐘,1974-12-12 上映,https://p0.meituan.net/movie/bb1dee5e0b25889a2410211c1d5010ae190824.jpg@464w_644h_1e_1c,posters/89_教父2.jpg
90,"=IMAGE(""https://p0.meituan.net/movie/b05b94b28eca53f325ae8d807fcd4ce01798036.jpg@464w_644h_1e_1c"")",加勒比海盜,Pirates of the Caribbean: The Curse of the Black Pearl,9.0,動作/奇幻/冒險,美國,143 分鐘,2003-11-21 上映,https://p0.meituan.net/movie/b05b94b28eca53f325ae8d807fcd4ce01798036.jpg@464w_644h_1e_1c,posters/90_加勒比海盜.jpg
91,"=IMAGE(""https://p0.meituan.net/movie/d66b56b77b55aa3da5987b68948444c9106742.jpg@464w_644h_1e_1c"")",哈利·波特與魔法石,Harry Potter and the Sorcerer's Stone,9.0,奇幻/冒險,美國、英國,152 分鐘,2002-01-26 上映,https://p0.meituan.net/movie/d66b56b77b55aa3da5987b68948444c9106742.jpg@464w_644h_1e_1c,posters/91_哈利·波特與魔法石.jpg
92,"=IMAGE(""https://p0.meituan.net/movie/932bdfbef5be3543e6b136246aeb99b8123736.jpg@464w_644h_1e_1c"")",指環王3：王者無敵,The Lord of the Rings: The Return of the King,9.0,劇情/動作/奇幻/冒險,美國、新西蘭,201 分鐘,2004-03-15 上映,https://p0.meituan.net/movie/932bdfbef5be3543e6b136246aeb99b8123736.jpg@464w_644h_1e_1c,posters/92_指環王3：王者無敵.jpg
93,"=IMAGE(""https://p1.meituan.net/movie/ad974d3527879f00be2eec29135118163728582.jpg@464w_644h_1e_1c"")",黑客帝國,The Matrix,9.0,動作/科幻,美國、澳大利亞,136 分鐘,2000-01-14 上映,https://p1.meituan.net/movie/ad974d3527879f00be2eec29135118163728582.jpg@464w_644h_1e_1c,posters/93_黑客帝國.jpg
94,"=IMAGE(""https://p1.meituan.net/movie/6a964e9cee699267053bd6a4bf6f2671195394.jpg@464w_644h_1e_1c"")",剪刀手愛德華,Edward Scissorhands,9.0,劇情/愛情/奇幻,美國,105 分鐘,1990-12-06 上映,https://p1.meituan.net/movie/6a964e9cee699267053bd6a4bf6f2671195394.jpg@464w_644h_1e_1c,posters/94_剪刀手愛德華.jpg
95,"=IMAGE(""https://p0.meituan.net/movie/ae7245920d95c03765fe1615f3a1fe3865785.jpg@464w_644h_1e_1c"")",春光乍泄,Happy Together,9.0,劇情/愛情,中國香港、日本、韓國,96 分鐘,1997-05-17 上映,https://p0.meituan.net/movie/ae7245920d95c03765fe1615f3a1fe3865785.jpg@464w_644h_1e_1c,posters/95_春光乍泄.jpg
96,"=IMAGE(""https://p1.meituan.net/movie/14a7b337e8063e3ce05a5993ed80176b74208.jpg@464w_644h_1e_1c"")",大鬧天宮,The Monkey King,9.0,動畫/奇幻,中國大陸,114 分鐘,1965-12-31 上映,https://p1.meituan.net/movie/14a7b337e8063e3ce05a5993ed80176b74208.jpg@464w_644h_1e_1c,posters/96_大鬧天宮.jpg
97,"=IMAGE(""https://p1.meituan.net/movie/ba1ed511668402605ed369350ab779d6319397.jpg@464w_644h_1e_1c"")",天空之城,天空の城ラピュタ,9.0,動畫/奇幻/冒險,日本,125 分鐘,1992-05-01 上映,https://p1.meituan.net/movie/ba1ed511668402605ed369350ab779d6319397.jpg@464w_644h_1e_1c,posters/97_天空之城.jpg
98,"=IMAGE(""https://p0.meituan.net/movie/ef6d7e040278f3d727306745e8df1af5246411.jpg@464w_644h_1e_1c"")",音樂之聲,The Sound of Music,9.0,劇情/愛情/歌舞/傳記,美國,174 分鐘,1965-03-02 上映,https://p0.meituan.net/movie/ef6d7e040278f3d727306745e8df1af5246411.jpg@464w_644h_1e_1c,posters/98_音樂之聲.jpg
99,"=IMAGE(""https://p0.meituan.net/movie/b0d986a8bf89278afbb19f6abaef70f31206570.jpg@464w_644h_1e_1c"")",辛德勒的名單,Schindler's List,9.5,劇情/歷史/戰爭,美國,195 分鐘,1993-11-30 上映,https://p0.meituan.net/movie/b0d986a8bf89278afbb19f6abaef70f31206570.jpg@464w_644h_1e_1c,posters/99_辛德勒的名單.jpg
100,"=IMAGE(""https://p0.meituan.net/movie/58782fa5439c25d764713f711ebecd1e201941.jpg@464w_644h_1e_1c"")",魂斷藍橋,Waterloo Bridge,9.5,劇情/愛情/戰爭,美國,108 分鐘,1940-05-17 上映,https://p0.meituan.net/movie/58782fa5439c25d764713f711ebecd1e201941.jpg@464w_644h_1e_1c,posters/100_魂斷藍橋.jpg
