post_id,post_title,comment_id,author,content,rating,created_at
data=!4m8!3m7!1s0x34693d8a184cc123:0x38e9f0a2dbac8f5a!8m2!3d24.1693376!4d120.6481497!9m1!1b1!16s%2Fg%2F11b7y834wf?entry=ttu&g_ep=EgoyMDI2MDcyMi4wIKXMDSoASAFQAw%3D%3D,三媽臭臭鍋 逢甲店,"https://www.google.com/maps/place/%E4%B8%89%E5%AA%BD%E8%87%AD%E8%87%AD%E9%8D%8B+%E9%80%A2%E7%94%B2%E5%BA%97/@24.1693425,120.6455694,16z/data=!4m8!3m7!1s0x34693d8a184cc123:0x38e9f0a2dbac8f5a!8m2!3d24.1693376!4d120.6481497!9m1!1b1!16s%2Fg%2F11b7y834wf?entry=ttu&g_ep=EgoyMDI2MDcyMi4wIKXMDSoASAFQAw%3D%3D_rev_0",車媽媽,臭得有道理@三媽臭臭鍋 睡至日上三竿的我倆才施施然起床!然後搭巴士去到三媽臭臭鍋逢甲店吃我們的早午餐。 ...,,2026-07-25 07:00:49.667367+00:00
data=!4m8!3m7!1s0x34693d8a184cc123:0x38e9f0a2dbac8f5a!8m2!3d24.1693376!4d120.6481497!9m1!1b1!16s%2Fg%2F11b7y834wf?entry=ttu&g_ep=EgoyMDI2MDcyMi4wIKXMDSoASAFQAw%3D%3D,三媽臭臭鍋 逢甲店,"https://www.google.com/maps/place/%E4%B8%89%E5%AA%BD%E8%87%AD%E8%87%AD%E9%8D%8B+%E9%80%A2%E7%94%B2%E5%BA%97/@24.1693425,120.6455694,16z/data=!4m8!3m7!1s0x34693d8a184cc123:0x38e9f0a2dbac8f5a!8m2!3d24.1693376!4d120.6481497!9m1!1b1!16s%2Fg%2F11b7y834wf?entry=ttu&g_ep=EgoyMDI2MDcyMi4wIKXMDSoASAFQAw%3D%3D_rev_1",Ann Li,"平時沒有很喜歡吃三媽,最近看了youtuber 魚乾推薦台中兩家好吃其中一家就是這間,生意很好平日晚上都還要排隊等,第一次看到用瓦斯爐煮的三媽,可惜端上了是生的不能馬上吃,而且爐火不大不能快速煮好上口,不知道是不是這樣造成內用等待率提高?豬肉片Q彈,湯頭鮮甜,臭臭鍋大腸感覺比較多又大塊,醬料區乾淨整潔,老闆很親切,真不愧是好吃的三媽臭臭鍋店。",,2026-07-25 07:00:49.667493+00:00
data=!4m8!3m7!1s0x34693d8a184cc123:0x38e9f0a2dbac8f5a!8m2!3d24.1693376!4d120.6481497!9m1!1b1!16s%2Fg%2F11b7y834wf?entry=ttu&g_ep=EgoyMDI2MDcyMi4wIKXMDSoASAFQAw%3D%3D,三媽臭臭鍋 逢甲店,"https://www.google.com/maps/place/%E4%B8%89%E5%AA%BD%E8%87%AD%E8%87%AD%E9%8D%8B+%E9%80%A2%E7%94%B2%E5%BA%97/@24.1693425,120.6455694,16z/data=!4m8!3m7!1s0x34693d8a184cc123:0x38e9f0a2dbac8f5a!8m2!3d24.1693376!4d120.6481497!9m1!1b1!16s%2Fg%2F11b7y834wf?entry=ttu&g_ep=EgoyMDI2MDcyMi4wIKXMDSoASAFQAw%3D%3D_rev_2",FISH FISH,"台中生意最好的三媽小火鍋,非逢甲店莫屬🥇食材新鮮🥗環境乾淨整潔❤️出餐快👍趁4/1要漲價前,趕緊再來吃一波😋 ...",,2026-07-25 07:00:49.667579+00:00
data=!4m8!3m7!1s0x34693d8a184cc123:0x38e9f0a2dbac8f5a!8m2!3d24.1693376!4d120.6481497!9m1!1b1!16s%2Fg%2F11b7y834wf?entry=ttu&g_ep=EgoyMDI2MDcyMi4wIKXMDSoASAFQAw%3D%3D,三媽臭臭鍋 逢甲店,"https://www.google.com/maps/place/%E4%B8%89%E5%AA%BD%E8%87%AD%E8%87%AD%E9%8D%8B+%E9%80%A2%E7%94%B2%E5%BA%97/@24.1693425,120.6455694,16z/data=!4m8!3m7!1s0x34693d8a184cc123:0x38e9f0a2dbac8f5a!8m2!3d24.1693376!4d120.6481497!9m1!1b1!16s%2Fg%2F11b7y834wf?entry=ttu&g_ep=EgoyMDI2MDcyMi4wIKXMDSoASAFQAw%3D%3D_rev_3",3344 zxc,"內用人多的話要在等候區排隊,店員會再帶位 吃過很多家三媽,非常一般,但是臭豆腐很軟嫩,裡面高麗菜幾乎是碎的高麗菜,超級無敵少,這家態度感覺很高傲,對客人講話都很急,沒啥耐心樣",,2026-07-25 07:00:49.667706+00:00
data=!4m8!3m7!1s0x34693d8a184cc123:0x38e9f0a2dbac8f5a!8m2!3d24.1693376!4d120.6481497!9m1!1b1!16s%2Fg%2F11b7y834wf?entry=ttu&g_ep=EgoyMDI2MDcyMi4wIKXMDSoASAFQAw%3D%3D,三媽臭臭鍋 逢甲店,"https://www.google.com/maps/place/%E4%B8%89%E5%AA%BD%E8%87%AD%E8%87%AD%E9%8D%8B+%E9%80%A2%E7%94%B2%E5%BA%97/@24.1693425,120.6455694,16z/data=!4m8!3m7!1s0x34693d8a184cc123:0x38e9f0a2dbac8f5a!8m2!3d24.1693376!4d120.6481497!9m1!1b1!16s%2Fg%2F11b7y834wf?entry=ttu&g_ep=EgoyMDI2MDcyMi4wIKXMDSoASAFQAw%3D%3D_rev_4",Blake Blake,"用料真的比其他分店多,內用要等,如果沒有一定要內用的話建議外帶比較快,除了等候時間以外,有個中年阿伯會在外面水槽洗內用的鍋子,剛好看到他邊洗邊吐痰到水槽裡,不知道有沒有吐到正在洗的鍋子上...🤢🤢🤢 ...",,2026-07-25 07:00:49.667842+00:00
data=!4m8!3m7!1s0x34693d8a184cc123:0x38e9f0a2dbac8f5a!8m2!3d24.1693376!4d120.6481497!9m1!1b1!16s%2Fg%2F11b7y834wf?entry=ttu&g_ep=EgoyMDI2MDcyMi4wIKXMDSoASAFQAw%3D%3D,三媽臭臭鍋 逢甲店,"https://www.google.com/maps/place/%E4%B8%89%E5%AA%BD%E8%87%AD%E8%87%AD%E9%8D%8B+%E9%80%A2%E7%94%B2%E5%BA%97/@24.1693425,120.6455694,16z/data=!4m8!3m7!1s0x34693d8a184cc123:0x38e9f0a2dbac8f5a!8m2!3d24.1693376!4d120.6481497!9m1!1b1!16s%2Fg%2F11b7y834wf?entry=ttu&g_ep=EgoyMDI2MDcyMi4wIKXMDSoASAFQAw%3D%3D_rev_5",如如,記得外帶不要加冬粉 路程15分鐘 回到家直接變乾的(不好吃)😭😭😭 ...,,2026-07-25 07:00:49.668058+00:00
data=!4m8!3m7!1s0x34693d8a184cc123:0x38e9f0a2dbac8f5a!8m2!3d24.1693376!4d120.6481497!9m1!1b1!16s%2Fg%2F11b7y834wf?entry=ttu&g_ep=EgoyMDI2MDcyMi4wIKXMDSoASAFQAw%3D%3D,三媽臭臭鍋 逢甲店,"https://www.google.com/maps/place/%E4%B8%89%E5%AA%BD%E8%87%AD%E8%87%AD%E9%8D%8B+%E9%80%A2%E7%94%B2%E5%BA%97/@24.1693425,120.6455694,16z/data=!4m8!3m7!1s0x34693d8a184cc123:0x38e9f0a2dbac8f5a!8m2!3d24.1693376!4d120.6481497!9m1!1b1!16s%2Fg%2F11b7y834wf?entry=ttu&g_ep=EgoyMDI2MDcyMi4wIKXMDSoASAFQAw%3D%3D_rev_6",誌龍,",我剛才用熊貓訂餐,備註,幫忙包辣油跟油膏,不須要辣豆瓣包,結果收到餐,是完全沒有任何醬料,已經第二次了,上次訂,也是沒有辣油,,沒醬料是怎麼吃啊,個人吃鍋就是要醬料,還特別備註,2次都這樣,明明能點逢甲店,",,2026-07-25 07:00:49.668171+00:00
data=!4m8!3m7!1s0x34693d8a184cc123:0x38e9f0a2dbac8f5a!8m2!3d24.1693376!4d120.6481497!9m1!1b1!16s%2Fg%2F11b7y834wf?entry=ttu&g_ep=EgoyMDI2MDcyMi4wIKXMDSoASAFQAw%3D%3D,三媽臭臭鍋 逢甲店,"https://www.google.com/maps/place/%E4%B8%89%E5%AA%BD%E8%87%AD%E8%87%AD%E9%8D%8B+%E9%80%A2%E7%94%B2%E5%BA%97/@24.1693425,120.6455694,16z/data=!4m8!3m7!1s0x34693d8a184cc123:0x38e9f0a2dbac8f5a!8m2!3d24.1693376!4d120.6481497!9m1!1b1!16s%2Fg%2F11b7y834wf?entry=ttu&g_ep=EgoyMDI2MDcyMi4wIKXMDSoASAFQAw%3D%3D_rev_7",璇,"逢甲的三媽是我跟朋友一致認為最好吃的三媽 跟外面的真的不同~ 必點臭臭鍋,湯頭喝起來不會像他家的有濁濁的感覺 ...",,2026-07-25 07:00:49.668308+00:00
data=!4m8!3m7!1s0x34693d8a184cc123:0x38e9f0a2dbac8f5a!8m2!3d24.1693376!4d120.6481497!9m1!1b1!16s%2Fg%2F11b7y834wf?entry=ttu&g_ep=EgoyMDI2MDcyMi4wIKXMDSoASAFQAw%3D%3D,三媽臭臭鍋 逢甲店,"https://www.google.com/maps/place/%E4%B8%89%E5%AA%BD%E8%87%AD%E8%87%AD%E9%8D%8B+%E9%80%A2%E7%94%B2%E5%BA%97/@24.1693425,120.6455694,16z/data=!4m8!3m7!1s0x34693d8a184cc123:0x38e9f0a2dbac8f5a!8m2!3d24.1693376!4d120.6481497!9m1!1b1!16s%2Fg%2F11b7y834wf?entry=ttu&g_ep=EgoyMDI2MDcyMi4wIKXMDSoASAFQAw%3D%3D_rev_8",jjmjrau,"櫃檯煮火鍋戴眼鏡的服務很爛。跟你說內用五位,回答清楚很難嗎,誰知道外面的等候區到底是內用還是外帶在排隊,戶外告示也只寫內用也許排隊,再和你確認一次時,用那甚麼態度回答,搞得像欠你錢沒還一樣,不想做就回家睡覺,不用浪費彼此的時間。",,2026-07-25 07:00:49.668415+00:00
data=!4m8!3m7!1s0x34693d8a184cc123:0x38e9f0a2dbac8f5a!8m2!3d24.1693376!4d120.6481497!9m1!1b1!16s%2Fg%2F11b7y834wf?entry=ttu&g_ep=EgoyMDI2MDcyMi4wIKXMDSoASAFQAw%3D%3D,三媽臭臭鍋 逢甲店,"https://www.google.com/maps/place/%E4%B8%89%E5%AA%BD%E8%87%AD%E8%87%AD%E9%8D%8B+%E9%80%A2%E7%94%B2%E5%BA%97/@24.1693425,120.6455694,16z/data=!4m8!3m7!1s0x34693d8a184cc123:0x38e9f0a2dbac8f5a!8m2!3d24.1693376!4d120.6481497!9m1!1b1!16s%2Fg%2F11b7y834wf?entry=ttu&g_ep=EgoyMDI2MDcyMi4wIKXMDSoASAFQAw%3D%3D_rev_9",un J,送來時看到蠻傻眼的 這一鍋還有冷凍生肉要我自己煮? 請這麼多人然後下午沒飯吃走進這麼方便的店 ...,,2026-07-25 07:00:49.668509+00:00
data=!4m8!3m7!1s0x34693d8a184cc123:0x38e9f0a2dbac8f5a!8m2!3d24.1693376!4d120.6481497!9m1!1b1!16s%2Fg%2F11b7y834wf?entry=ttu&g_ep=EgoyMDI2MDcyMi4wIKXMDSoASAFQAw%3D%3D,三媽臭臭鍋 逢甲店,"https://www.google.com/maps/place/%E4%B8%89%E5%AA%BD%E8%87%AD%E8%87%AD%E9%8D%8B+%E9%80%A2%E7%94%B2%E5%BA%97/@24.1693425,120.6455694,16z/data=!4m8!3m7!1s0x34693d8a184cc123:0x38e9f0a2dbac8f5a!8m2!3d24.1693376!4d120.6481497!9m1!1b1!16s%2Fg%2F11b7y834wf?entry=ttu&g_ep=EgoyMDI2MDcyMi4wIKXMDSoASAFQAw%3D%3D_rev_10",ᴄʜɪʜ ʟɪɴ,"😮‍💨衛生環境堪憂,一個鍋裡就三隻蟲 (一隻就算了)也不知道自己吃了幾隻〰︎ ...",,2026-07-25 07:00:49.668599+00:00
data=!4m8!3m7!1s0x34693d8a184cc123:0x38e9f0a2dbac8f5a!8m2!3d24.1693376!4d120.6481497!9m1!1b1!16s%2Fg%2F11b7y834wf?entry=ttu&g_ep=EgoyMDI2MDcyMi4wIKXMDSoASAFQAw%3D%3D,三媽臭臭鍋 逢甲店,"https://www.google.com/maps/place/%E4%B8%89%E5%AA%BD%E8%87%AD%E8%87%AD%E9%8D%8B+%E9%80%A2%E7%94%B2%E5%BA%97/@24.1693425,120.6455694,16z/data=!4m8!3m7!1s0x34693d8a184cc123:0x38e9f0a2dbac8f5a!8m2!3d24.1693376!4d120.6481497!9m1!1b1!16s%2Fg%2F11b7y834wf?entry=ttu&g_ep=EgoyMDI2MDcyMi4wIKXMDSoASAFQAw%3D%3D_rev_11",林順億,"今天來三媽火鍋逢甲店用餐,生意真的超好!不管是內用還是外帶人都很多,現場需要稍微等一下。不過翻桌速度算快,店員也都很忙但還是蠻有耐心的。火鍋口味一樣穩定,冷冷的天氣來吃很適合~建議尖峰時段要有等候的心理準備。",,2026-07-25 07:00:49.668684+00:00
data=!4m8!3m7!1s0x34693d8a184cc123:0x38e9f0a2dbac8f5a!8m2!3d24.1693376!4d120.6481497!9m1!1b1!16s%2Fg%2F11b7y834wf?entry=ttu&g_ep=EgoyMDI2MDcyMi4wIKXMDSoASAFQAw%3D%3D,三媽臭臭鍋 逢甲店,"https://www.google.com/maps/place/%E4%B8%89%E5%AA%BD%E8%87%AD%E8%87%AD%E9%8D%8B+%E9%80%A2%E7%94%B2%E5%BA%97/@24.1693425,120.6455694,16z/data=!4m8!3m7!1s0x34693d8a184cc123:0x38e9f0a2dbac8f5a!8m2!3d24.1693376!4d120.6481497!9m1!1b1!16s%2Fg%2F11b7y834wf?entry=ttu&g_ep=EgoyMDI2MDcyMi4wIKXMDSoASAFQAw%3D%3D_rev_12",臻假的,來的人很多 等待需要花一些時間 點了茄紅蕃茄鍋$200 一個人正常份量剛好 會飽的程度 ...,,2026-07-25 07:00:49.668766+00:00
data=!4m8!3m7!1s0x34693d8a184cc123:0x38e9f0a2dbac8f5a!8m2!3d24.1693376!4d120.6481497!9m1!1b1!16s%2Fg%2F11b7y834wf?entry=ttu&g_ep=EgoyMDI2MDcyMi4wIKXMDSoASAFQAw%3D%3D,三媽臭臭鍋 逢甲店,"https://www.google.com/maps/place/%E4%B8%89%E5%AA%BD%E8%87%AD%E8%87%AD%E9%8D%8B+%E9%80%A2%E7%94%B2%E5%BA%97/@24.1693425,120.6455694,16z/data=!4m8!3m7!1s0x34693d8a184cc123:0x38e9f0a2dbac8f5a!8m2!3d24.1693376!4d120.6481497!9m1!1b1!16s%2Fg%2F11b7y834wf?entry=ttu&g_ep=EgoyMDI2MDcyMi4wIKXMDSoASAFQAw%3D%3D_rev_13",小子,"排了半小時吃到,真心覺得普普,南瓜鍋湯頭非常淡,臭臭鍋一般,鍋裡的菜跟豆皮都是碎的,非常小片,料感覺也不多,真心不用來湊熱鬧。",,2026-07-25 07:00:49.668851+00:00
data=!4m8!3m7!1s0x34693d8a184cc123:0x38e9f0a2dbac8f5a!8m2!3d24.1693376!4d120.6481497!9m1!1b1!16s%2Fg%2F11b7y834wf?entry=ttu&g_ep=EgoyMDI2MDcyMi4wIKXMDSoASAFQAw%3D%3D,三媽臭臭鍋 逢甲店,"https://www.google.com/maps/place/%E4%B8%89%E5%AA%BD%E8%87%AD%E8%87%AD%E9%8D%8B+%E9%80%A2%E7%94%B2%E5%BA%97/@24.1693425,120.6455694,16z/data=!4m8!3m7!1s0x34693d8a184cc123:0x38e9f0a2dbac8f5a!8m2!3d24.1693376!4d120.6481497!9m1!1b1!16s%2Fg%2F11b7y834wf?entry=ttu&g_ep=EgoyMDI2MDcyMi4wIKXMDSoASAFQAw%3D%3D_rev_14",son Pa,"服務態度超差 不能火鍋料換菜、不能先煮熟 豆皮給很多,食物還行",,2026-07-25 07:00:49.668942+00:00
data=!4m8!3m7!1s0x34693d8a184cc123:0x38e9f0a2dbac8f5a!8m2!3d24.1693376!4d120.6481497!9m1!1b1!16s%2Fg%2F11b7y834wf?entry=ttu&g_ep=EgoyMDI2MDcyMi4wIKXMDSoASAFQAw%3D%3D,三媽臭臭鍋 逢甲店,"https://www.google.com/maps/place/%E4%B8%89%E5%AA%BD%E8%87%AD%E8%87%AD%E9%8D%8B+%E9%80%A2%E7%94%B2%E5%BA%97/@24.1693425,120.6455694,16z/data=!4m8!3m7!1s0x34693d8a184cc123:0x38e9f0a2dbac8f5a!8m2!3d24.1693376!4d120.6481497!9m1!1b1!16s%2Fg%2F11b7y834wf?entry=ttu&g_ep=EgoyMDI2MDcyMi4wIKXMDSoASAFQAw%3D%3D_rev_15",YI Zhen Li,"線上點的,送來吃到一半裡面有異物...打電話過去反應,他說:喔那麻煩您線上退費喔。????不用關心一下客人身體嗎????",,2026-07-25 07:00:49.669024+00:00
data=!4m8!3m7!1s0x34693d8a184cc123:0x38e9f0a2dbac8f5a!8m2!3d24.1693376!4d120.6481497!9m1!1b1!16s%2Fg%2F11b7y834wf?entry=ttu&g_ep=EgoyMDI2MDcyMi4wIKXMDSoASAFQAw%3D%3D,三媽臭臭鍋 逢甲店,"https://www.google.com/maps/place/%E4%B8%89%E5%AA%BD%E8%87%AD%E8%87%AD%E9%8D%8B+%E9%80%A2%E7%94%B2%E5%BA%97/@24.1693425,120.6455694,16z/data=!4m8!3m7!1s0x34693d8a184cc123:0x38e9f0a2dbac8f5a!8m2!3d24.1693376!4d120.6481497!9m1!1b1!16s%2Fg%2F11b7y834wf?entry=ttu&g_ep=EgoyMDI2MDcyMi4wIKXMDSoASAFQAw%3D%3D_rev_16",410537061 TKU,是真的跟其他間三媽吃起來就是不一樣 真的很好吃 所以一直很常去 也常常客滿 但是最近蒼蠅真的太多了吧...... ...,,2026-07-25 07:00:49.669107+00:00
data=!4m8!3m7!1s0x34693d8a184cc123:0x38e9f0a2dbac8f5a!8m2!3d24.1693376!4d120.6481497!9m1!1b1!16s%2Fg%2F11b7y834wf?entry=ttu&g_ep=EgoyMDI2MDcyMi4wIKXMDSoASAFQAw%3D%3D,三媽臭臭鍋 逢甲店,"https://www.google.com/maps/place/%E4%B8%89%E5%AA%BD%E8%87%AD%E8%87%AD%E9%8D%8B+%E9%80%A2%E7%94%B2%E5%BA%97/@24.1693425,120.6455694,16z/data=!4m8!3m7!1s0x34693d8a184cc123:0x38e9f0a2dbac8f5a!8m2!3d24.1693376!4d120.6481497!9m1!1b1!16s%2Fg%2F11b7y834wf?entry=ttu&g_ep=EgoyMDI2MDcyMi4wIKXMDSoASAFQAw%3D%3D_rev_17",杰鴒,"今天是吃砂鍋魚頭和泡菜鍋,湯頭與其他的三媽臭臭鍋是不一樣的,就連沙茶醬也和外面的不一樣,內用有飲料和冰淇淋免費享用,餐點的份量很剛好,食材也新鮮,建議避開用餐時間,才不會因為人潮過多,需要等待比較久的時間!",,2026-07-25 07:00:49.669188+00:00
data=!4m8!3m7!1s0x34693d8a184cc123:0x38e9f0a2dbac8f5a!8m2!3d24.1693376!4d120.6481497!9m1!1b1!16s%2Fg%2F11b7y834wf?entry=ttu&g_ep=EgoyMDI2MDcyMi4wIKXMDSoASAFQAw%3D%3D,三媽臭臭鍋 逢甲店,"https://www.google.com/maps/place/%E4%B8%89%E5%AA%BD%E8%87%AD%E8%87%AD%E9%8D%8B+%E9%80%A2%E7%94%B2%E5%BA%97/@24.1693425,120.6455694,16z/data=!4m8!3m7!1s0x34693d8a184cc123:0x38e9f0a2dbac8f5a!8m2!3d24.1693376!4d120.6481497!9m1!1b1!16s%2Fg%2F11b7y834wf?entry=ttu&g_ep=EgoyMDI2MDcyMi4wIKXMDSoASAFQAw%3D%3D_rev_18",uu,"有時候好吃有時候難吃啊今天剛好很難吃==點中辣完全沒加辣味道也超怪,生意很好等40分鐘結果拿到這個難吃東西真的有夠不爽^_^",,2026-07-25 07:00:49.669266+00:00
data=!4m8!3m7!1s0x34693d8a184cc123:0x38e9f0a2dbac8f5a!8m2!3d24.1693376!4d120.6481497!9m1!1b1!16s%2Fg%2F11b7y834wf?entry=ttu&g_ep=EgoyMDI2MDcyMi4wIKXMDSoASAFQAw%3D%3D,三媽臭臭鍋 逢甲店,"https://www.google.com/maps/place/%E4%B8%89%E5%AA%BD%E8%87%AD%E8%87%AD%E9%8D%8B+%E9%80%A2%E7%94%B2%E5%BA%97/@24.1693425,120.6455694,16z/data=!4m8!3m7!1s0x34693d8a184cc123:0x38e9f0a2dbac8f5a!8m2!3d24.1693376!4d120.6481497!9m1!1b1!16s%2Fg%2F11b7y834wf?entry=ttu&g_ep=EgoyMDI2MDcyMi4wIKXMDSoASAFQAw%3D%3D_rev_19",林芳,用熊貓平台叫外送 送來火鍋裡有蒼蠅 店家推卸責任叫我跟平台說 平台跟我說給我最完美的解決方式是全額退款,,2026-07-25 07:00:49.669353+00:00
data=!4m8!3m7!1s0x34693d8a184cc123:0x38e9f0a2dbac8f5a!8m2!3d24.1693376!4d120.6481497!9m1!1b1!16s%2Fg%2F11b7y834wf?entry=ttu&g_ep=EgoyMDI2MDcyMi4wIKXMDSoASAFQAw%3D%3D,三媽臭臭鍋 逢甲店,"https://www.google.com/maps/place/%E4%B8%89%E5%AA%BD%E8%87%AD%E8%87%AD%E9%8D%8B+%E9%80%A2%E7%94%B2%E5%BA%97/@24.1693425,120.6455694,16z/data=!4m8!3m7!1s0x34693d8a184cc123:0x38e9f0a2dbac8f5a!8m2!3d24.1693376!4d120.6481497!9m1!1b1!16s%2Fg%2F11b7y834wf?entry=ttu&g_ep=EgoyMDI2MDcyMi4wIKXMDSoASAFQAw%3D%3D_rev_20",陳逸妤,"外帶大腸鍋跟泡菜鍋(兩鍋都是白飯換冬粉),拿回家打開,泡菜鍋沒冬粉,大腸鍋整碗都是冬粉一點湯都沒有。店員能認真一點煮鍋嗎?",,2026-07-25 07:00:49.669442+00:00
data=!4m8!3m7!1s0x34693d8a184cc123:0x38e9f0a2dbac8f5a!8m2!3d24.1693376!4d120.6481497!9m1!1b1!16s%2Fg%2F11b7y834wf?entry=ttu&g_ep=EgoyMDI2MDcyMi4wIKXMDSoASAFQAw%3D%3D,三媽臭臭鍋 逢甲店,"https://www.google.com/maps/place/%E4%B8%89%E5%AA%BD%E8%87%AD%E8%87%AD%E9%8D%8B+%E9%80%A2%E7%94%B2%E5%BA%97/@24.1693425,120.6455694,16z/data=!4m8!3m7!1s0x34693d8a184cc123:0x38e9f0a2dbac8f5a!8m2!3d24.1693376!4d120.6481497!9m1!1b1!16s%2Fg%2F11b7y834wf?entry=ttu&g_ep=EgoyMDI2MDcyMi4wIKXMDSoASAFQAw%3D%3D_rev_21",詹斌昊（Haohao）,"三媽臭臭鍋內容物豐富多元,從碎菜、組合肉到鋼刷樣樣俱全,每一鍋很常會少飯少麵少冬粉,就是要幫客戶做熱量管控,真是物超所值,吃不飽又吃得巧,從青菜維生素到富有礦物質的鋼刷,一定要讓您的摯友嚐嚐!",,2026-07-25 07:00:49.669526+00:00
data=!4m8!3m7!1s0x34693d8a184cc123:0x38e9f0a2dbac8f5a!8m2!3d24.1693376!4d120.6481497!9m1!1b1!16s%2Fg%2F11b7y834wf?entry=ttu&g_ep=EgoyMDI2MDcyMi4wIKXMDSoASAFQAw%3D%3D,三媽臭臭鍋 逢甲店,"https://www.google.com/maps/place/%E4%B8%89%E5%AA%BD%E8%87%AD%E8%87%AD%E9%8D%8B+%E9%80%A2%E7%94%B2%E5%BA%97/@24.1693425,120.6455694,16z/data=!4m8!3m7!1s0x34693d8a184cc123:0x38e9f0a2dbac8f5a!8m2!3d24.1693376!4d120.6481497!9m1!1b1!16s%2Fg%2F11b7y834wf?entry=ttu&g_ep=EgoyMDI2MDcyMi4wIKXMDSoASAFQAw%3D%3D_rev_22",AA,"1.醬料區動線放的位置奇妙(後邊角)路線不順及需等一位用完才能進入(擠)。 2.冷凍桶裝冰淇淋完全結冰超硬超難挖,看了完全沒甜點食慾。 3.火鍋料很普通。 ...",,2026-07-25 07:00:49.669608+00:00
data=!4m8!3m7!1s0x34693d8a184cc123:0x38e9f0a2dbac8f5a!8m2!3d24.1693376!4d120.6481497!9m1!1b1!16s%2Fg%2F11b7y834wf?entry=ttu&g_ep=EgoyMDI2MDcyMi4wIKXMDSoASAFQAw%3D%3D,三媽臭臭鍋 逢甲店,"https://www.google.com/maps/place/%E4%B8%89%E5%AA%BD%E8%87%AD%E8%87%AD%E9%8D%8B+%E9%80%A2%E7%94%B2%E5%BA%97/@24.1693425,120.6455694,16z/data=!4m8!3m7!1s0x34693d8a184cc123:0x38e9f0a2dbac8f5a!8m2!3d24.1693376!4d120.6481497!9m1!1b1!16s%2Fg%2F11b7y834wf?entry=ttu&g_ep=EgoyMDI2MDcyMi4wIKXMDSoASAFQAw%3D%3D_rev_23",Sharon,感覺跟之前比每況愈下 點外送然後倒進家裡的碗 發現加點的王子麵有部分沒煮熟 (之前外送點的鍋還有小蟲子),,2026-07-25 07:00:49.669691+00:00
data=!4m8!3m7!1s0x34693d8a184cc123:0x38e9f0a2dbac8f5a!8m2!3d24.1693376!4d120.6481497!9m1!1b1!16s%2Fg%2F11b7y834wf?entry=ttu&g_ep=EgoyMDI2MDcyMi4wIKXMDSoASAFQAw%3D%3D,三媽臭臭鍋 逢甲店,"https://www.google.com/maps/place/%E4%B8%89%E5%AA%BD%E8%87%AD%E8%87%AD%E9%8D%8B+%E9%80%A2%E7%94%B2%E5%BA%97/@24.1693425,120.6455694,16z/data=!4m8!3m7!1s0x34693d8a184cc123:0x38e9f0a2dbac8f5a!8m2!3d24.1693376!4d120.6481497!9m1!1b1!16s%2Fg%2F11b7y834wf?entry=ttu&g_ep=EgoyMDI2MDcyMi4wIKXMDSoASAFQAw%3D%3D_rev_24",文華,本來下大雨車停門口打完電話預訂外帶、猶豫一下還是決定內用、馬上就走進去、問說剛剛打電話外帶可以改內用嗎?非常不客氣回應不行。莫名其妙什麼道理,,2026-07-25 07:00:49.669773+00:00
data=!4m8!3m7!1s0x34693d8a184cc123:0x38e9f0a2dbac8f5a!8m2!3d24.1693376!4d120.6481497!9m1!1b1!16s%2Fg%2F11b7y834wf?entry=ttu&g_ep=EgoyMDI2MDcyMi4wIKXMDSoASAFQAw%3D%3D,三媽臭臭鍋 逢甲店,"https://www.google.com/maps/place/%E4%B8%89%E5%AA%BD%E8%87%AD%E8%87%AD%E9%8D%8B+%E9%80%A2%E7%94%B2%E5%BA%97/@24.1693425,120.6455694,16z/data=!4m8!3m7!1s0x34693d8a184cc123:0x38e9f0a2dbac8f5a!8m2!3d24.1693376!4d120.6481497!9m1!1b1!16s%2Fg%2F11b7y834wf?entry=ttu&g_ep=EgoyMDI2MDcyMi4wIKXMDSoASAFQAw%3D%3D_rev_25",Lysandra Kendrick,"用餐環境算整潔,補醬料也很勤,倒是吃不出跟其他分店,有什麼特別不一樣的味道,內用的火鍋的配料,是生肉上桌,用自己桌前小火爐,加熱煮熟,看著火鍋發呆,倒是很像自助式的火鍋店,可惜並沒有自助吧,路過這間店常常看到很多人在排隊等內用,外帶單也停不下來,好奇的人,總會來試吃看看!",,2026-07-25 07:00:49.669854+00:00
data=!4m8!3m7!1s0x34693d8a184cc123:0x38e9f0a2dbac8f5a!8m2!3d24.1693376!4d120.6481497!9m1!1b1!16s%2Fg%2F11b7y834wf?entry=ttu&g_ep=EgoyMDI2MDcyMi4wIKXMDSoASAFQAw%3D%3D,三媽臭臭鍋 逢甲店,"https://www.google.com/maps/place/%E4%B8%89%E5%AA%BD%E8%87%AD%E8%87%AD%E9%8D%8B+%E9%80%A2%E7%94%B2%E5%BA%97/@24.1693425,120.6455694,16z/data=!4m8!3m7!1s0x34693d8a184cc123:0x38e9f0a2dbac8f5a!8m2!3d24.1693376!4d120.6481497!9m1!1b1!16s%2Fg%2F11b7y834wf?entry=ttu&g_ep=EgoyMDI2MDcyMi4wIKXMDSoASAFQAw%3D%3D_rev_26",C.Chung kAo,"先公布答案:又一間回憶中的好店,重新裝潢完之後就可以不用來了。 以前店裡的老人態度有夠差,但是人家夠便宜、有冷氣、有電視、座位多、湯頭好,鼻子摸一摸,照吃 ...",,2026-07-25 07:00:49.669932+00:00
data=!4m8!3m7!1s0x34693d8a184cc123:0x38e9f0a2dbac8f5a!8m2!3d24.1693376!4d120.6481497!9m1!1b1!16s%2Fg%2F11b7y834wf?entry=ttu&g_ep=EgoyMDI2MDcyMi4wIKXMDSoASAFQAw%3D%3D,三媽臭臭鍋 逢甲店,"https://www.google.com/maps/place/%E4%B8%89%E5%AA%BD%E8%87%AD%E8%87%AD%E9%8D%8B+%E9%80%A2%E7%94%B2%E5%BA%97/@24.1693425,120.6455694,16z/data=!4m8!3m7!1s0x34693d8a184cc123:0x38e9f0a2dbac8f5a!8m2!3d24.1693376!4d120.6481497!9m1!1b1!16s%2Fg%2F11b7y834wf?entry=ttu&g_ep=EgoyMDI2MDcyMi4wIKXMDSoASAFQAw%3D%3D_rev_27",昂SUBA,"真的不用特別來吃,味道很普通~~ 不確定之前如何,但現在就是能吃一次店 這個價格和環境還有很多更好吃的選擇! ...",,2026-07-25 07:00:49.670010+00:00
data=!4m8!3m7!1s0x34693d8a184cc123:0x38e9f0a2dbac8f5a!8m2!3d24.1693376!4d120.6481497!9m1!1b1!16s%2Fg%2F11b7y834wf?entry=ttu&g_ep=EgoyMDI2MDcyMi4wIKXMDSoASAFQAw%3D%3D,三媽臭臭鍋 逢甲店,"https://www.google.com/maps/place/%E4%B8%89%E5%AA%BD%E8%87%AD%E8%87%AD%E9%8D%8B+%E9%80%A2%E7%94%B2%E5%BA%97/@24.1693425,120.6455694,16z/data=!4m8!3m7!1s0x34693d8a184cc123:0x38e9f0a2dbac8f5a!8m2!3d24.1693376!4d120.6481497!9m1!1b1!16s%2Fg%2F11b7y834wf?entry=ttu&g_ep=EgoyMDI2MDcyMi4wIKXMDSoASAFQAw%3D%3D_rev_28",PoLo,"可以看到整鍋新的端上來還沒動,然後菜葉上面有一顆超明顯的壁虎大便,大腸臭臭鍋裡面的大腸有塊豬屎就算了,重點我點的是蕃茄鍋欸不用這樣幫我加料吧...有夠噁心🤮 看到當下也是請店員處理,結果第一位店員湊近一看跟我說了一句:我覺得不是欸(指壁虎大便),然後請第二位店員來處理,換了一鍋給我然後就不了了之! 我沒提過一句什麼要求而且我的態度很好 ...",,2026-07-25 07:00:49.670092+00:00
data=!4m8!3m7!1s0x34693d8a184cc123:0x38e9f0a2dbac8f5a!8m2!3d24.1693376!4d120.6481497!9m1!1b1!16s%2Fg%2F11b7y834wf?entry=ttu&g_ep=EgoyMDI2MDcyMi4wIKXMDSoASAFQAw%3D%3D,三媽臭臭鍋 逢甲店,"https://www.google.com/maps/place/%E4%B8%89%E5%AA%BD%E8%87%AD%E8%87%AD%E9%8D%8B+%E9%80%A2%E7%94%B2%E5%BA%97/@24.1693425,120.6455694,16z/data=!4m8!3m7!1s0x34693d8a184cc123:0x38e9f0a2dbac8f5a!8m2!3d24.1693376!4d120.6481497!9m1!1b1!16s%2Fg%2F11b7y834wf?entry=ttu&g_ep=EgoyMDI2MDcyMi4wIKXMDSoASAFQAw%3D%3D_rev_29",Kelly Huang,再訪: 男性戴眼鏡人員態度極差極不耐煩! 料似乎也沒有之前用的好 ...,,2026-07-25 07:00:49.670174+00:00
data=!4m8!3m7!1s0x34693d8a184cc123:0x38e9f0a2dbac8f5a!8m2!3d24.1693376!4d120.6481497!9m1!1b1!16s%2Fg%2F11b7y834wf?entry=ttu&g_ep=EgoyMDI2MDcyMi4wIKXMDSoASAFQAw%3D%3D,三媽臭臭鍋 逢甲店,"https://www.google.com/maps/place/%E4%B8%89%E5%AA%BD%E8%87%AD%E8%87%AD%E9%8D%8B+%E9%80%A2%E7%94%B2%E5%BA%97/@24.1693425,120.6455694,16z/data=!4m8!3m7!1s0x34693d8a184cc123:0x38e9f0a2dbac8f5a!8m2!3d24.1693376!4d120.6481497!9m1!1b1!16s%2Fg%2F11b7y834wf?entry=ttu&g_ep=EgoyMDI2MDcyMi4wIKXMDSoASAFQAw%3D%3D_rev_30",蘇保全,20240808 工作路過 看到有人排隊 ...,,2026-07-25 07:00:49.670254+00:00
data=!4m8!3m7!1s0x34693d8a184cc123:0x38e9f0a2dbac8f5a!8m2!3d24.1693376!4d120.6481497!9m1!1b1!16s%2Fg%2F11b7y834wf?entry=ttu&g_ep=EgoyMDI2MDcyMi4wIKXMDSoASAFQAw%3D%3D,三媽臭臭鍋 逢甲店,"https://www.google.com/maps/place/%E4%B8%89%E5%AA%BD%E8%87%AD%E8%87%AD%E9%8D%8B+%E9%80%A2%E7%94%B2%E5%BA%97/@24.1693425,120.6455694,16z/data=!4m8!3m7!1s0x34693d8a184cc123:0x38e9f0a2dbac8f5a!8m2!3d24.1693376!4d120.6481497!9m1!1b1!16s%2Fg%2F11b7y834wf?entry=ttu&g_ep=EgoyMDI2MDcyMi4wIKXMDSoASAFQAw%3D%3D_rev_31",黛黛cchaha,半開放空間 裡面會有冷氣 有時候會聞到瓦斯味感覺有點危險 份量蠻多的 而且有冰淇淋跟飲料免費吃到飽 是逢甲學生愛店 但冬天要等超久,,2026-07-25 07:00:49.670337+00:00
data=!4m8!3m7!1s0x34693d8a184cc123:0x38e9f0a2dbac8f5a!8m2!3d24.1693376!4d120.6481497!9m1!1b1!16s%2Fg%2F11b7y834wf?entry=ttu&g_ep=EgoyMDI2MDcyMi4wIKXMDSoASAFQAw%3D%3D,三媽臭臭鍋 逢甲店,"https://www.google.com/maps/place/%E4%B8%89%E5%AA%BD%E8%87%AD%E8%87%AD%E9%8D%8B+%E9%80%A2%E7%94%B2%E5%BA%97/@24.1693425,120.6455694,16z/data=!4m8!3m7!1s0x34693d8a184cc123:0x38e9f0a2dbac8f5a!8m2!3d24.1693376!4d120.6481497!9m1!1b1!16s%2Fg%2F11b7y834wf?entry=ttu&g_ep=EgoyMDI2MDcyMi4wIKXMDSoASAFQAw%3D%3D_rev_32",Nikki,住宿台中 晚餐走路去附近吃三媽臭臭鍋 兒子指名要吃他 ...,,2026-07-25 07:00:49.670419+00:00
data=!4m8!3m7!1s0x34693d8a184cc123:0x38e9f0a2dbac8f5a!8m2!3d24.1693376!4d120.6481497!9m1!1b1!16s%2Fg%2F11b7y834wf?entry=ttu&g_ep=EgoyMDI2MDcyMi4wIKXMDSoASAFQAw%3D%3D,三媽臭臭鍋 逢甲店,"https://www.google.com/maps/place/%E4%B8%89%E5%AA%BD%E8%87%AD%E8%87%AD%E9%8D%8B+%E9%80%A2%E7%94%B2%E5%BA%97/@24.1693425,120.6455694,16z/data=!4m8!3m7!1s0x34693d8a184cc123:0x38e9f0a2dbac8f5a!8m2!3d24.1693376!4d120.6481497!9m1!1b1!16s%2Fg%2F11b7y834wf?entry=ttu&g_ep=EgoyMDI2MDcyMi4wIKXMDSoASAFQAw%3D%3D_rev_33",Malatang Zan,說到三媽臭臭鍋 應該可以說是台灣平價火鍋的先河 大豔紅色的招牌與黃色字體 ...,,2026-07-25 07:00:49.670499+00:00
data=!4m8!3m7!1s0x34693d8a184cc123:0x38e9f0a2dbac8f5a!8m2!3d24.1693376!4d120.6481497!9m1!1b1!16s%2Fg%2F11b7y834wf?entry=ttu&g_ep=EgoyMDI2MDcyMi4wIKXMDSoASAFQAw%3D%3D,三媽臭臭鍋 逢甲店,"https://www.google.com/maps/place/%E4%B8%89%E5%AA%BD%E8%87%AD%E8%87%AD%E9%8D%8B+%E9%80%A2%E7%94%B2%E5%BA%97/@24.1693425,120.6455694,16z/data=!4m8!3m7!1s0x34693d8a184cc123:0x38e9f0a2dbac8f5a!8m2!3d24.1693376!4d120.6481497!9m1!1b1!16s%2Fg%2F11b7y834wf?entry=ttu&g_ep=EgoyMDI2MDcyMi4wIKXMDSoASAFQAw%3D%3D_rev_34",Gps.阿鹿,"每一間三媽都有一些差別,個人覺得這一間算是比較好吃的三媽。價格也不貴。算是平價美食個人小鍋。",,2026-07-25 07:00:49.670584+00:00
data=!4m8!3m7!1s0x34693d8a184cc123:0x38e9f0a2dbac8f5a!8m2!3d24.1693376!4d120.6481497!9m1!1b1!16s%2Fg%2F11b7y834wf?entry=ttu&g_ep=EgoyMDI2MDcyMi4wIKXMDSoASAFQAw%3D%3D,三媽臭臭鍋 逢甲店,"https://www.google.com/maps/place/%E4%B8%89%E5%AA%BD%E8%87%AD%E8%87%AD%E9%8D%8B+%E9%80%A2%E7%94%B2%E5%BA%97/@24.1693425,120.6455694,16z/data=!4m8!3m7!1s0x34693d8a184cc123:0x38e9f0a2dbac8f5a!8m2!3d24.1693376!4d120.6481497!9m1!1b1!16s%2Fg%2F11b7y834wf?entry=ttu&g_ep=EgoyMDI2MDcyMi4wIKXMDSoASAFQAw%3D%3D_rev_35",旅朲,朋友介紹聽說是最好吃的三媽 吃下來之後真的比其他三媽料多很多 飲料還可以喝到飽 ...,,2026-07-25 07:00:49.670662+00:00
data=!4m8!3m7!1s0x34693d8a184cc123:0x38e9f0a2dbac8f5a!8m2!3d24.1693376!4d120.6481497!9m1!1b1!16s%2Fg%2F11b7y834wf?entry=ttu&g_ep=EgoyMDI2MDcyMi4wIKXMDSoASAFQAw%3D%3D,三媽臭臭鍋 逢甲店,"https://www.google.com/maps/place/%E4%B8%89%E5%AA%BD%E8%87%AD%E8%87%AD%E9%8D%8B+%E9%80%A2%E7%94%B2%E5%BA%97/@24.1693425,120.6455694,16z/data=!4m8!3m7!1s0x34693d8a184cc123:0x38e9f0a2dbac8f5a!8m2!3d24.1693376!4d120.6481497!9m1!1b1!16s%2Fg%2F11b7y834wf?entry=ttu&g_ep=EgoyMDI2MDcyMi4wIKXMDSoASAFQAw%3D%3D_rev_36",和風巷口,"平價火鍋始祖 早期內行人都聽過,送餐時喊聲「咻(閩南語:燙/燒)!」,這傳統已消失... 女性服務態度尚可,男性的語氣對客人則是很不屑、沒耐性... 可惜只剩下過去美好的回憶,這間店一次消費。",,2026-07-25 07:00:49.670744+00:00
data=!4m8!3m7!1s0x34693d8a184cc123:0x38e9f0a2dbac8f5a!8m2!3d24.1693376!4d120.6481497!9m1!1b1!16s%2Fg%2F11b7y834wf?entry=ttu&g_ep=EgoyMDI2MDcyMi4wIKXMDSoASAFQAw%3D%3D,三媽臭臭鍋 逢甲店,"https://www.google.com/maps/place/%E4%B8%89%E5%AA%BD%E8%87%AD%E8%87%AD%E9%8D%8B+%E9%80%A2%E7%94%B2%E5%BA%97/@24.1693425,120.6455694,16z/data=!4m8!3m7!1s0x34693d8a184cc123:0x38e9f0a2dbac8f5a!8m2!3d24.1693376!4d120.6481497!9m1!1b1!16s%2Fg%2F11b7y834wf?entry=ttu&g_ep=EgoyMDI2MDcyMi4wIKXMDSoASAFQAw%3D%3D_rev_37",林一,有一說一 三媽吃了這麼多間 這間真的好吃 就連白飯的口感我都覺得不錯 以下缺點的部分 ...,,2026-07-25 07:00:49.670822+00:00
data=!4m8!3m7!1s0x34693d8a184cc123:0x38e9f0a2dbac8f5a!8m2!3d24.1693376!4d120.6481497!9m1!1b1!16s%2Fg%2F11b7y834wf?entry=ttu&g_ep=EgoyMDI2MDcyMi4wIKXMDSoASAFQAw%3D%3D,三媽臭臭鍋 逢甲店,"https://www.google.com/maps/place/%E4%B8%89%E5%AA%BD%E8%87%AD%E8%87%AD%E9%8D%8B+%E9%80%A2%E7%94%B2%E5%BA%97/@24.1693425,120.6455694,16z/data=!4m8!3m7!1s0x34693d8a184cc123:0x38e9f0a2dbac8f5a!8m2!3d24.1693376!4d120.6481497!9m1!1b1!16s%2Fg%2F11b7y834wf?entry=ttu&g_ep=EgoyMDI2MDcyMi4wIKXMDSoASAFQAw%3D%3D_rev_38",黃妤,整個餐點倒出毀損!可惡至極,,2026-07-25 07:00:49.670904+00:00
data=!4m8!3m7!1s0x34693d8a184cc123:0x38e9f0a2dbac8f5a!8m2!3d24.1693376!4d120.6481497!9m1!1b1!16s%2Fg%2F11b7y834wf?entry=ttu&g_ep=EgoyMDI2MDcyMi4wIKXMDSoASAFQAw%3D%3D,三媽臭臭鍋 逢甲店,"https://www.google.com/maps/place/%E4%B8%89%E5%AA%BD%E8%87%AD%E8%87%AD%E9%8D%8B+%E9%80%A2%E7%94%B2%E5%BA%97/@24.1693425,120.6455694,16z/data=!4m8!3m7!1s0x34693d8a184cc123:0x38e9f0a2dbac8f5a!8m2!3d24.1693376!4d120.6481497!9m1!1b1!16s%2Fg%2F11b7y834wf?entry=ttu&g_ep=EgoyMDI2MDcyMi4wIKXMDSoASAFQAw%3D%3D_rev_39",U D,請問一下火鍋裡面放了一堆冬粉送到客人著還會有湯嗎? 是員工教育不行還是沒帶腦子出門 多一事不如少一事就對了 我叫火鍋結果到了一點湯都沒有請問一下我是叫到泡菜乾鍋嗎? 冬粉要另外放都不知道真厲害,,2026-07-25 07:00:49.670983+00:00
data=!4m8!3m7!1s0x34693d8a184cc123:0x38e9f0a2dbac8f5a!8m2!3d24.1693376!4d120.6481497!9m1!1b1!16s%2Fg%2F11b7y834wf?entry=ttu&g_ep=EgoyMDI2MDcyMi4wIKXMDSoASAFQAw%3D%3D,三媽臭臭鍋 逢甲店,"https://www.google.com/maps/place/%E4%B8%89%E5%AA%BD%E8%87%AD%E8%87%AD%E9%8D%8B+%E9%80%A2%E7%94%B2%E5%BA%97/@24.1693425,120.6455694,16z/data=!4m8!3m7!1s0x34693d8a184cc123:0x38e9f0a2dbac8f5a!8m2!3d24.1693376!4d120.6481497!9m1!1b1!16s%2Fg%2F11b7y834wf?entry=ttu&g_ep=EgoyMDI2MDcyMi4wIKXMDSoASAFQAw%3D%3D_rev_40",Tony Su,是我吃過最好吃的三媽 真的比其他三媽料多很多 飲料還可以喝到飽 ...,,2026-07-25 07:00:49.671063+00:00
data=!4m8!3m7!1s0x34693d8a184cc123:0x38e9f0a2dbac8f5a!8m2!3d24.1693376!4d120.6481497!9m1!1b1!16s%2Fg%2F11b7y834wf?entry=ttu&g_ep=EgoyMDI2MDcyMi4wIKXMDSoASAFQAw%3D%3D,三媽臭臭鍋 逢甲店,"https://www.google.com/maps/place/%E4%B8%89%E5%AA%BD%E8%87%AD%E8%87%AD%E9%8D%8B+%E9%80%A2%E7%94%B2%E5%BA%97/@24.1693425,120.6455694,16z/data=!4m8!3m7!1s0x34693d8a184cc123:0x38e9f0a2dbac8f5a!8m2!3d24.1693376!4d120.6481497!9m1!1b1!16s%2Fg%2F11b7y834wf?entry=ttu&g_ep=EgoyMDI2MDcyMi4wIKXMDSoASAFQAw%3D%3D_rev_41",CX Chen,"以前的回憶,生意太好,店家大頭病,以為大家都知道規則,也沒人協助帶位講解,拿個菜單以為大家都知道規則。 財神爺會看",,2026-07-25 07:00:49.671145+00:00
data=!4m8!3m7!1s0x34693d8a184cc123:0x38e9f0a2dbac8f5a!8m2!3d24.1693376!4d120.6481497!9m1!1b1!16s%2Fg%2F11b7y834wf?entry=ttu&g_ep=EgoyMDI2MDcyMi4wIKXMDSoASAFQAw%3D%3D,三媽臭臭鍋 逢甲店,"https://www.google.com/maps/place/%E4%B8%89%E5%AA%BD%E8%87%AD%E8%87%AD%E9%8D%8B+%E9%80%A2%E7%94%B2%E5%BA%97/@24.1693425,120.6455694,16z/data=!4m8!3m7!1s0x34693d8a184cc123:0x38e9f0a2dbac8f5a!8m2!3d24.1693376!4d120.6481497!9m1!1b1!16s%2Fg%2F11b7y834wf?entry=ttu&g_ep=EgoyMDI2MDcyMi4wIKXMDSoASAFQAw%3D%3D_rev_42",瀟灑,"出餐非常慢,內用不到一半,竟然出餐可以超過20分鐘以上,是一直都做外送的嗎?然後營業時間很不穩定,有時候提早收店,跟標示的營業時間不同。",,2026-07-25 07:00:49.671228+00:00
data=!4m8!3m7!1s0x34693d8a184cc123:0x38e9f0a2dbac8f5a!8m2!3d24.1693376!4d120.6481497!9m1!1b1!16s%2Fg%2F11b7y834wf?entry=ttu&g_ep=EgoyMDI2MDcyMi4wIKXMDSoASAFQAw%3D%3D,三媽臭臭鍋 逢甲店,"https://www.google.com/maps/place/%E4%B8%89%E5%AA%BD%E8%87%AD%E8%87%AD%E9%8D%8B+%E9%80%A2%E7%94%B2%E5%BA%97/@24.1693425,120.6455694,16z/data=!4m8!3m7!1s0x34693d8a184cc123:0x38e9f0a2dbac8f5a!8m2!3d24.1693376!4d120.6481497!9m1!1b1!16s%2Fg%2F11b7y834wf?entry=ttu&g_ep=EgoyMDI2MDcyMi4wIKXMDSoASAFQAw%3D%3D_rev_43",xuan xuan,去逢甲就會想吃三媽 但這次吃完覺得味道跟以前差很多 玉米居然切的跟薄片一樣 ...,,2026-07-25 07:00:49.671303+00:00
data=!4m8!3m7!1s0x34693d8a184cc123:0x38e9f0a2dbac8f5a!8m2!3d24.1693376!4d120.6481497!9m1!1b1!16s%2Fg%2F11b7y834wf?entry=ttu&g_ep=EgoyMDI2MDcyMi4wIKXMDSoASAFQAw%3D%3D,三媽臭臭鍋 逢甲店,"https://www.google.com/maps/place/%E4%B8%89%E5%AA%BD%E8%87%AD%E8%87%AD%E9%8D%8B+%E9%80%A2%E7%94%B2%E5%BA%97/@24.1693425,120.6455694,16z/data=!4m8!3m7!1s0x34693d8a184cc123:0x38e9f0a2dbac8f5a!8m2!3d24.1693376!4d120.6481497!9m1!1b1!16s%2Fg%2F11b7y834wf?entry=ttu&g_ep=EgoyMDI2MDcyMi4wIKXMDSoASAFQAw%3D%3D_rev_44",陳姝秀,"打電話外帶兩個大腸臭臭鍋結果取餐的時候做的是泡菜臭臭鍋 跟店家反應還理直氣壯說:我有跟你核對過是泡菜臭臭鍋 是我接的電話你要不要問問看 奇怪電話就我打的,我本人就不吃泡菜怎麼可能點泡菜臭臭鍋??? ...",,2026-07-25 07:00:49.671380+00:00
data=!4m8!3m7!1s0x34693d8a184cc123:0x38e9f0a2dbac8f5a!8m2!3d24.1693376!4d120.6481497!9m1!1b1!16s%2Fg%2F11b7y834wf?entry=ttu&g_ep=EgoyMDI2MDcyMi4wIKXMDSoASAFQAw%3D%3D,三媽臭臭鍋 逢甲店,"https://www.google.com/maps/place/%E4%B8%89%E5%AA%BD%E8%87%AD%E8%87%AD%E9%8D%8B+%E9%80%A2%E7%94%B2%E5%BA%97/@24.1693425,120.6455694,16z/data=!4m8!3m7!1s0x34693d8a184cc123:0x38e9f0a2dbac8f5a!8m2!3d24.1693376!4d120.6481497!9m1!1b1!16s%2Fg%2F11b7y834wf?entry=ttu&g_ep=EgoyMDI2MDcyMi4wIKXMDSoASAFQAw%3D%3D_rev_45",彼德蘇,"位於逢甲的三媽小火鍋,生意相當好,人潮來來去去絡繹不絕,雖然三媽的價格回不去了,但這家的鍋料算實在,座位也很多,也有自助飲料區, 雖然服務態度一般般,但還是值得再去。",,2026-07-25 07:00:49.671486+00:00
data=!4m8!3m7!1s0x34693d8a184cc123:0x38e9f0a2dbac8f5a!8m2!3d24.1693376!4d120.6481497!9m1!1b1!16s%2Fg%2F11b7y834wf?entry=ttu&g_ep=EgoyMDI2MDcyMi4wIKXMDSoASAFQAw%3D%3D,三媽臭臭鍋 逢甲店,"https://www.google.com/maps/place/%E4%B8%89%E5%AA%BD%E8%87%AD%E8%87%AD%E9%8D%8B+%E9%80%A2%E7%94%B2%E5%BA%97/@24.1693425,120.6455694,16z/data=!4m8!3m7!1s0x34693d8a184cc123:0x38e9f0a2dbac8f5a!8m2!3d24.1693376!4d120.6481497!9m1!1b1!16s%2Fg%2F11b7y834wf?entry=ttu&g_ep=EgoyMDI2MDcyMi4wIKXMDSoASAFQAw%3D%3D_rev_46",wen wu,味道還可以湯頭還行 料不多 像評論說態度環境衛生也許三媽都不注重這個 ...,,2026-07-25 07:00:49.671576+00:00
data=!4m8!3m7!1s0x34693d8a184cc123:0x38e9f0a2dbac8f5a!8m2!3d24.1693376!4d120.6481497!9m1!1b1!16s%2Fg%2F11b7y834wf?entry=ttu&g_ep=EgoyMDI2MDcyMi4wIKXMDSoASAFQAw%3D%3D,三媽臭臭鍋 逢甲店,"https://www.google.com/maps/place/%E4%B8%89%E5%AA%BD%E8%87%AD%E8%87%AD%E9%8D%8B+%E9%80%A2%E7%94%B2%E5%BA%97/@24.1693425,120.6455694,16z/data=!4m8!3m7!1s0x34693d8a184cc123:0x38e9f0a2dbac8f5a!8m2!3d24.1693376!4d120.6481497!9m1!1b1!16s%2Fg%2F11b7y834wf?entry=ttu&g_ep=EgoyMDI2MDcyMi4wIKXMDSoASAFQAw%3D%3D_rev_47",許凱蒂,這位戴著紅帽子的老大姐 心情不好或做的不高興就別做ㄅ 問個加點東西態度在差幾點的看不懂餒 😏😏😏 ...,,2026-07-25 07:00:49.671667+00:00
data=!4m8!3m7!1s0x34693d8a184cc123:0x38e9f0a2dbac8f5a!8m2!3d24.1693376!4d120.6481497!9m1!1b1!16s%2Fg%2F11b7y834wf?entry=ttu&g_ep=EgoyMDI2MDcyMi4wIKXMDSoASAFQAw%3D%3D,三媽臭臭鍋 逢甲店,"https://www.google.com/maps/place/%E4%B8%89%E5%AA%BD%E8%87%AD%E8%87%AD%E9%8D%8B+%E9%80%A2%E7%94%B2%E5%BA%97/@24.1693425,120.6455694,16z/data=!4m8!3m7!1s0x34693d8a184cc123:0x38e9f0a2dbac8f5a!8m2!3d24.1693376!4d120.6481497!9m1!1b1!16s%2Fg%2F11b7y834wf?entry=ttu&g_ep=EgoyMDI2MDcyMi4wIKXMDSoASAFQAw%3D%3D_rev_48",天使寶貝,沒有南瓜的南瓜鍋 料多味美價廉 有機會還要吃😋 ...,,2026-07-25 07:00:49.671748+00:00
data=!4m8!3m7!1s0x34693d8a184cc123:0x38e9f0a2dbac8f5a!8m2!3d24.1693376!4d120.6481497!9m1!1b1!16s%2Fg%2F11b7y834wf?entry=ttu&g_ep=EgoyMDI2MDcyMi4wIKXMDSoASAFQAw%3D%3D,三媽臭臭鍋 逢甲店,"https://www.google.com/maps/place/%E4%B8%89%E5%AA%BD%E8%87%AD%E8%87%AD%E9%8D%8B+%E9%80%A2%E7%94%B2%E5%BA%97/@24.1693425,120.6455694,16z/data=!4m8!3m7!1s0x34693d8a184cc123:0x38e9f0a2dbac8f5a!8m2!3d24.1693376!4d120.6481497!9m1!1b1!16s%2Fg%2F11b7y834wf?entry=ttu&g_ep=EgoyMDI2MDcyMi4wIKXMDSoASAFQAw%3D%3D_rev_49",jerry鍾,"從小吃到大的店,以前的90元到現在的180,以前外帶還會比內用便宜甚至給個小飲料,現在都沒有差別,然後今天又讓我一整個很不爽! 外帶等了40分鐘!!結果問了說單不見了? 那就算了繼續等快1個小時...店員都一臉很跩...搞得像89一樣...讓人家等那麼久也沒有任何表示...店已經不同以往...",,2026-07-25 07:00:49.671829+00:00
data=!4m8!3m7!1s0x34693d8a184cc123:0x38e9f0a2dbac8f5a!8m2!3d24.1693376!4d120.6481497!9m1!1b1!16s%2Fg%2F11b7y834wf?entry=ttu&g_ep=EgoyMDI2MDcyMi4wIKXMDSoASAFQAw%3D%3D,三媽臭臭鍋 逢甲店,"https://www.google.com/maps/place/%E4%B8%89%E5%AA%BD%E8%87%AD%E8%87%AD%E9%8D%8B+%E9%80%A2%E7%94%B2%E5%BA%97/@24.1693425,120.6455694,16z/data=!4m8!3m7!1s0x34693d8a184cc123:0x38e9f0a2dbac8f5a!8m2!3d24.1693376!4d120.6481497!9m1!1b1!16s%2Fg%2F11b7y834wf?entry=ttu&g_ep=EgoyMDI2MDcyMi4wIKXMDSoASAFQAw%3D%3D_rev_50",林文杰,"冷氣超爛如果要省錢乾脆不要開冷氣,直接把屋頂打掉做開放式的好了",,2026-07-25 07:00:49.671913+00:00
data=!4m8!3m7!1s0x34693d8a184cc123:0x38e9f0a2dbac8f5a!8m2!3d24.1693376!4d120.6481497!9m1!1b1!16s%2Fg%2F11b7y834wf?entry=ttu&g_ep=EgoyMDI2MDcyMi4wIKXMDSoASAFQAw%3D%3D,三媽臭臭鍋 逢甲店,"https://www.google.com/maps/place/%E4%B8%89%E5%AA%BD%E8%87%AD%E8%87%AD%E9%8D%8B+%E9%80%A2%E7%94%B2%E5%BA%97/@24.1693425,120.6455694,16z/data=!4m8!3m7!1s0x34693d8a184cc123:0x38e9f0a2dbac8f5a!8m2!3d24.1693376!4d120.6481497!9m1!1b1!16s%2Fg%2F11b7y834wf?entry=ttu&g_ep=EgoyMDI2MDcyMi4wIKXMDSoASAFQAw%3D%3D_rev_51",獅堂彥齋,"據說是台中最好吃的三媽臭臭鍋,今天找機會來朝聖一下。比起其他分店來說,店內的環境相當整潔,清潔人員隨時隨地都在做整理,環境非常乾淨舒服。比起之前印象中的三媽臭臭鍋,價錢好像稍微有點漲價,但美味仍然不變,而且份量也比想像中還要足夠,無論男生女生,一份都會蠻有飽足感的。 ...",,2026-07-25 07:00:49.671994+00:00
data=!4m8!3m7!1s0x34693d8a184cc123:0x38e9f0a2dbac8f5a!8m2!3d24.1693376!4d120.6481497!9m1!1b1!16s%2Fg%2F11b7y834wf?entry=ttu&g_ep=EgoyMDI2MDcyMi4wIKXMDSoASAFQAw%3D%3D,三媽臭臭鍋 逢甲店,"https://www.google.com/maps/place/%E4%B8%89%E5%AA%BD%E8%87%AD%E8%87%AD%E9%8D%8B+%E9%80%A2%E7%94%B2%E5%BA%97/@24.1693425,120.6455694,16z/data=!4m8!3m7!1s0x34693d8a184cc123:0x38e9f0a2dbac8f5a!8m2!3d24.1693376!4d120.6481497!9m1!1b1!16s%2Fg%2F11b7y834wf?entry=ttu&g_ep=EgoyMDI2MDcyMi4wIKXMDSoASAFQAw%3D%3D_rev_52",林佩芬,"好幾次點外送都選擇要加蛋,但是都沒有加,已經好多次了!每次都以為蛋會在下面,但吃到後面都沒有啊! 真的很讓人生氣~生意再好,該顧到的還是要顧到啊,不能因為生意👌就隨隨便便吧! ...",,2026-07-25 07:00:49.672075+00:00
data=!4m8!3m7!1s0x34693d8a184cc123:0x38e9f0a2dbac8f5a!8m2!3d24.1693376!4d120.6481497!9m1!1b1!16s%2Fg%2F11b7y834wf?entry=ttu&g_ep=EgoyMDI2MDcyMi4wIKXMDSoASAFQAw%3D%3D,三媽臭臭鍋 逢甲店,"https://www.google.com/maps/place/%E4%B8%89%E5%AA%BD%E8%87%AD%E8%87%AD%E9%8D%8B+%E9%80%A2%E7%94%B2%E5%BA%97/@24.1693425,120.6455694,16z/data=!4m8!3m7!1s0x34693d8a184cc123:0x38e9f0a2dbac8f5a!8m2!3d24.1693376!4d120.6481497!9m1!1b1!16s%2Fg%2F11b7y834wf?entry=ttu&g_ep=EgoyMDI2MDcyMi4wIKXMDSoASAFQAw%3D%3D_rev_53",王孫尚,外帶兩鍋只給一鍋...上次就覺得奇怪 怎麼那麼少 還兩次 ...,,2026-07-25 07:00:49.672151+00:00
data=!4m8!3m7!1s0x34693d8a184cc123:0x38e9f0a2dbac8f5a!8m2!3d24.1693376!4d120.6481497!9m1!1b1!16s%2Fg%2F11b7y834wf?entry=ttu&g_ep=EgoyMDI2MDcyMi4wIKXMDSoASAFQAw%3D%3D,三媽臭臭鍋 逢甲店,"https://www.google.com/maps/place/%E4%B8%89%E5%AA%BD%E8%87%AD%E8%87%AD%E9%8D%8B+%E9%80%A2%E7%94%B2%E5%BA%97/@24.1693425,120.6455694,16z/data=!4m8!3m7!1s0x34693d8a184cc123:0x38e9f0a2dbac8f5a!8m2!3d24.1693376!4d120.6481497!9m1!1b1!16s%2Fg%2F11b7y834wf?entry=ttu&g_ep=EgoyMDI2MDcyMi4wIKXMDSoASAFQAw%3D%3D_rev_54",游惠雯,"離峰時間去吃還不錯, 醬料都補很滿,不怕人家用 機車門口可以停。",,2026-07-25 07:00:49.672229+00:00
data=!4m8!3m7!1s0x34693d8a184cc123:0x38e9f0a2dbac8f5a!8m2!3d24.1693376!4d120.6481497!9m1!1b1!16s%2Fg%2F11b7y834wf?entry=ttu&g_ep=EgoyMDI2MDcyMi4wIKXMDSoASAFQAw%3D%3D,三媽臭臭鍋 逢甲店,"https://www.google.com/maps/place/%E4%B8%89%E5%AA%BD%E8%87%AD%E8%87%AD%E9%8D%8B+%E9%80%A2%E7%94%B2%E5%BA%97/@24.1693425,120.6455694,16z/data=!4m8!3m7!1s0x34693d8a184cc123:0x38e9f0a2dbac8f5a!8m2!3d24.1693376!4d120.6481497!9m1!1b1!16s%2Fg%2F11b7y834wf?entry=ttu&g_ep=EgoyMDI2MDcyMi4wIKXMDSoASAFQAw%3D%3D_rev_55",威廉是誰 Who's William,"可以說是全台中最好吃的三媽了!以前還是酒精膏,現在改成瓦斯的,海鮮豆腐鍋配料實在,重點是!!!醬料沙茶很敢給,不會只有油,蔥沒了會一直補,辣椒子油很香很辣很夠味!",,2026-07-25 07:00:49.672311+00:00
data=!4m8!3m7!1s0x34693d8a184cc123:0x38e9f0a2dbac8f5a!8m2!3d24.1693376!4d120.6481497!9m1!1b1!16s%2Fg%2F11b7y834wf?entry=ttu&g_ep=EgoyMDI2MDcyMi4wIKXMDSoASAFQAw%3D%3D,三媽臭臭鍋 逢甲店,"https://www.google.com/maps/place/%E4%B8%89%E5%AA%BD%E8%87%AD%E8%87%AD%E9%8D%8B+%E9%80%A2%E7%94%B2%E5%BA%97/@24.1693425,120.6455694,16z/data=!4m8!3m7!1s0x34693d8a184cc123:0x38e9f0a2dbac8f5a!8m2!3d24.1693376!4d120.6481497!9m1!1b1!16s%2Fg%2F11b7y834wf?entry=ttu&g_ep=EgoyMDI2MDcyMi4wIKXMDSoASAFQAw%3D%3D_rev_56",NN W,以三媽的環境和餐點來說 現在最便宜一鍋$160太貴了 兩人兩鍋又加點 吃這樣大概$475實際忘了 ...,,2026-07-25 07:00:49.672390+00:00
data=!4m8!3m7!1s0x34693d8a184cc123:0x38e9f0a2dbac8f5a!8m2!3d24.1693376!4d120.6481497!9m1!1b1!16s%2Fg%2F11b7y834wf?entry=ttu&g_ep=EgoyMDI2MDcyMi4wIKXMDSoASAFQAw%3D%3D,三媽臭臭鍋 逢甲店,"https://www.google.com/maps/place/%E4%B8%89%E5%AA%BD%E8%87%AD%E8%87%AD%E9%8D%8B+%E9%80%A2%E7%94%B2%E5%BA%97/@24.1693425,120.6455694,16z/data=!4m8!3m7!1s0x34693d8a184cc123:0x38e9f0a2dbac8f5a!8m2!3d24.1693376!4d120.6481497!9m1!1b1!16s%2Fg%2F11b7y834wf?entry=ttu&g_ep=EgoyMDI2MDcyMi4wIKXMDSoASAFQAw%3D%3D_rev_57",Tai Yang,"一直以來都覺得不錯,也願意去現場等候排隊,直到吃到鋼球絲,於是來看一下評論是否有其他人也有這情況,果不其然,那只好我也來評論一下了,如果只有我一人遇到還情有可原,看那麼多人遭遇此事,店家看起來毫無改善的意思也不回覆,想必他們根本不在意也毫無悔意,知道餐飲業忙本身也餐飲業,基本食安,整潔觀念要有吧! 希望能看到妳們的改善,不再光顧了 謝謝!",,2026-07-25 07:00:49.672472+00:00
data=!4m8!3m7!1s0x34693d8a184cc123:0x38e9f0a2dbac8f5a!8m2!3d24.1693376!4d120.6481497!9m1!1b1!16s%2Fg%2F11b7y834wf?entry=ttu&g_ep=EgoyMDI2MDcyMi4wIKXMDSoASAFQAw%3D%3D,三媽臭臭鍋 逢甲店,"https://www.google.com/maps/place/%E4%B8%89%E5%AA%BD%E8%87%AD%E8%87%AD%E9%8D%8B+%E9%80%A2%E7%94%B2%E5%BA%97/@24.1693425,120.6455694,16z/data=!4m8!3m7!1s0x34693d8a184cc123:0x38e9f0a2dbac8f5a!8m2!3d24.1693376!4d120.6481497!9m1!1b1!16s%2Fg%2F11b7y834wf?entry=ttu&g_ep=EgoyMDI2MDcyMi4wIKXMDSoASAFQAw%3D%3D_rev_58",S.T,"3/29凌晨一點前買的海鮮豆腐鍋...才吃到第二口就發現這個東西...整鍋不敢吃了...是什麼我真的不敢知道,大家自己看吧",,2026-07-25 07:00:49.672562+00:00
data=!4m8!3m7!1s0x34693d8a184cc123:0x38e9f0a2dbac8f5a!8m2!3d24.1693376!4d120.6481497!9m1!1b1!16s%2Fg%2F11b7y834wf?entry=ttu&g_ep=EgoyMDI2MDcyMi4wIKXMDSoASAFQAw%3D%3D,三媽臭臭鍋 逢甲店,"https://www.google.com/maps/place/%E4%B8%89%E5%AA%BD%E8%87%AD%E8%87%AD%E9%8D%8B+%E9%80%A2%E7%94%B2%E5%BA%97/@24.1693425,120.6455694,16z/data=!4m8!3m7!1s0x34693d8a184cc123:0x38e9f0a2dbac8f5a!8m2!3d24.1693376!4d120.6481497!9m1!1b1!16s%2Fg%2F11b7y834wf?entry=ttu&g_ep=EgoyMDI2MDcyMi4wIKXMDSoASAFQAw%3D%3D_rev_59",李承祐,"原本真的不太在意,但越想越噁心。 是換人經營了還是?以前那麼好 服務也不錯的人都離開了? 買個晚餐吃還免費附贈鋼絲嗎?大可不必欸 ...",,2026-07-25 07:00:49.672640+00:00
data=!4m8!3m7!1s0x34693d8a184cc123:0x38e9f0a2dbac8f5a!8m2!3d24.1693376!4d120.6481497!9m1!1b1!16s%2Fg%2F11b7y834wf?entry=ttu&g_ep=EgoyMDI2MDcyMi4wIKXMDSoASAFQAw%3D%3D,三媽臭臭鍋 逢甲店,"https://www.google.com/maps/place/%E4%B8%89%E5%AA%BD%E8%87%AD%E8%87%AD%E9%8D%8B+%E9%80%A2%E7%94%B2%E5%BA%97/@24.1693425,120.6455694,16z/data=!4m8!3m7!1s0x34693d8a184cc123:0x38e9f0a2dbac8f5a!8m2!3d24.1693376!4d120.6481497!9m1!1b1!16s%2Fg%2F11b7y834wf?entry=ttu&g_ep=EgoyMDI2MDcyMi4wIKXMDSoASAFQAw%3D%3D_rev_60",王米米,"個人感覺沒人外送就不要接單5:16送單,我自己尋求協助6:50才拿到餐點,感覺很差,電話又打不進去(賣方客人多拿起來)至少給買方自己去拿啊! 吃第一口發現鐵刷絲,有沒有很誇張?",,2026-07-25 07:00:49.672722+00:00
data=!4m8!3m7!1s0x34693d8a184cc123:0x38e9f0a2dbac8f5a!8m2!3d24.1693376!4d120.6481497!9m1!1b1!16s%2Fg%2F11b7y834wf?entry=ttu&g_ep=EgoyMDI2MDcyMi4wIKXMDSoASAFQAw%3D%3D,三媽臭臭鍋 逢甲店,"https://www.google.com/maps/place/%E4%B8%89%E5%AA%BD%E8%87%AD%E8%87%AD%E9%8D%8B+%E9%80%A2%E7%94%B2%E5%BA%97/@24.1693425,120.6455694,16z/data=!4m8!3m7!1s0x34693d8a184cc123:0x38e9f0a2dbac8f5a!8m2!3d24.1693376!4d120.6481497!9m1!1b1!16s%2Fg%2F11b7y834wf?entry=ttu&g_ep=EgoyMDI2MDcyMi4wIKXMDSoASAFQAw%3D%3D_rev_61",石在人,台中最頂三媽😻 點了大腸臭臭鍋 大腸超大!料多味美~ ...,,2026-07-25 07:00:49.672809+00:00
data=!4m8!3m7!1s0x34693d8a184cc123:0x38e9f0a2dbac8f5a!8m2!3d24.1693376!4d120.6481497!9m1!1b1!16s%2Fg%2F11b7y834wf?entry=ttu&g_ep=EgoyMDI2MDcyMi4wIKXMDSoASAFQAw%3D%3D,三媽臭臭鍋 逢甲店,"https://www.google.com/maps/place/%E4%B8%89%E5%AA%BD%E8%87%AD%E8%87%AD%E9%8D%8B+%E9%80%A2%E7%94%B2%E5%BA%97/@24.1693425,120.6455694,16z/data=!4m8!3m7!1s0x34693d8a184cc123:0x38e9f0a2dbac8f5a!8m2!3d24.1693376!4d120.6481497!9m1!1b1!16s%2Fg%2F11b7y834wf?entry=ttu&g_ep=EgoyMDI2MDcyMi4wIKXMDSoASAFQAw%3D%3D_rev_62",David Lin,"是臭臭鍋太夠味,還是蒼蠅太多.... 趕不完! ...",,2026-07-25 07:00:49.672889+00:00
data=!4m8!3m7!1s0x34693d8a184cc123:0x38e9f0a2dbac8f5a!8m2!3d24.1693376!4d120.6481497!9m1!1b1!16s%2Fg%2F11b7y834wf?entry=ttu&g_ep=EgoyMDI2MDcyMi4wIKXMDSoASAFQAw%3D%3D,三媽臭臭鍋 逢甲店,"https://www.google.com/maps/place/%E4%B8%89%E5%AA%BD%E8%87%AD%E8%87%AD%E9%8D%8B+%E9%80%A2%E7%94%B2%E5%BA%97/@24.1693425,120.6455694,16z/data=!4m8!3m7!1s0x34693d8a184cc123:0x38e9f0a2dbac8f5a!8m2!3d24.1693376!4d120.6481497!9m1!1b1!16s%2Fg%2F11b7y834wf?entry=ttu&g_ep=EgoyMDI2MDcyMi4wIKXMDSoASAFQAw%3D%3D_rev_63",Sam LIU,"這已經是第二次在三媽逢甲店受氣了,第一次是我去內用的時候,店員叫我在旁邊先點單,我在旁邊畫的時候,有對情侶走進去入座,我滿頭問號,那請問一下,不是應該先到先服務嗎?店員也是一副無所謂的,叫我接著入座,完全沒有任何表達。 ...",,2026-07-25 07:00:49.672972+00:00
data=!4m8!3m7!1s0x34693d8a184cc123:0x38e9f0a2dbac8f5a!8m2!3d24.1693376!4d120.6481497!9m1!1b1!16s%2Fg%2F11b7y834wf?entry=ttu&g_ep=EgoyMDI2MDcyMi4wIKXMDSoASAFQAw%3D%3D,三媽臭臭鍋 逢甲店,"https://www.google.com/maps/place/%E4%B8%89%E5%AA%BD%E8%87%AD%E8%87%AD%E9%8D%8B+%E9%80%A2%E7%94%B2%E5%BA%97/@24.1693425,120.6455694,16z/data=!4m8!3m7!1s0x34693d8a184cc123:0x38e9f0a2dbac8f5a!8m2!3d24.1693376!4d120.6481497!9m1!1b1!16s%2Fg%2F11b7y834wf?entry=ttu&g_ep=EgoyMDI2MDcyMi4wIKXMDSoASAFQAw%3D%3D_rev_64",Han Huang,"上個月外帶吃到快完吃到鋼絲 打電話過去得到回覆:不然你過來我重新煮一碗給你,還是你要退錢? 一句抱歉都沒有 ...",,2026-07-25 07:00:49.673054+00:00
data=!4m8!3m7!1s0x34693d8a184cc123:0x38e9f0a2dbac8f5a!8m2!3d24.1693376!4d120.6481497!9m1!1b1!16s%2Fg%2F11b7y834wf?entry=ttu&g_ep=EgoyMDI2MDcyMi4wIKXMDSoASAFQAw%3D%3D,三媽臭臭鍋 逢甲店,"https://www.google.com/maps/place/%E4%B8%89%E5%AA%BD%E8%87%AD%E8%87%AD%E9%8D%8B+%E9%80%A2%E7%94%B2%E5%BA%97/@24.1693425,120.6455694,16z/data=!4m8!3m7!1s0x34693d8a184cc123:0x38e9f0a2dbac8f5a!8m2!3d24.1693376!4d120.6481497!9m1!1b1!16s%2Fg%2F11b7y834wf?entry=ttu&g_ep=EgoyMDI2MDcyMi4wIKXMDSoASAFQAw%3D%3D_rev_65",Karen Lin,"臭臭鍋湯頭特別濃郁好喝,吃得很過癮,可惜大腸太少,只有三塊🥲每鍋附一碗白飯,沒有吃到飽,冰淇淋放在廁所外面😅撇除以上小缺點,鍋本身真的比很多家都更好吃~ ...",,2026-07-25 07:00:49.673134+00:00
data=!4m8!3m7!1s0x34693d8a184cc123:0x38e9f0a2dbac8f5a!8m2!3d24.1693376!4d120.6481497!9m1!1b1!16s%2Fg%2F11b7y834wf?entry=ttu&g_ep=EgoyMDI2MDcyMi4wIKXMDSoASAFQAw%3D%3D,三媽臭臭鍋 逢甲店,"https://www.google.com/maps/place/%E4%B8%89%E5%AA%BD%E8%87%AD%E8%87%AD%E9%8D%8B+%E9%80%A2%E7%94%B2%E5%BA%97/@24.1693425,120.6455694,16z/data=!4m8!3m7!1s0x34693d8a184cc123:0x38e9f0a2dbac8f5a!8m2!3d24.1693376!4d120.6481497!9m1!1b1!16s%2Fg%2F11b7y834wf?entry=ttu&g_ep=EgoyMDI2MDcyMi4wIKXMDSoASAFQAw%3D%3D_rev_66",猜猜吃透透,"只要吃三媽,真的覺得這家真的超好吃的。 最喜歡的口味還是臭臭鍋,外ㄧ盤大腸, ...",,2026-07-25 07:00:49.673218+00:00
data=!4m8!3m7!1s0x34693d8a184cc123:0x38e9f0a2dbac8f5a!8m2!3d24.1693376!4d120.6481497!9m1!1b1!16s%2Fg%2F11b7y834wf?entry=ttu&g_ep=EgoyMDI2MDcyMi4wIKXMDSoASAFQAw%3D%3D,三媽臭臭鍋 逢甲店,"https://www.google.com/maps/place/%E4%B8%89%E5%AA%BD%E8%87%AD%E8%87%AD%E9%8D%8B+%E9%80%A2%E7%94%B2%E5%BA%97/@24.1693425,120.6455694,16z/data=!4m8!3m7!1s0x34693d8a184cc123:0x38e9f0a2dbac8f5a!8m2!3d24.1693376!4d120.6481497!9m1!1b1!16s%2Fg%2F11b7y834wf?entry=ttu&g_ep=EgoyMDI2MDcyMi4wIKXMDSoASAFQAw%3D%3D_rev_67",臭流氓,"你要讓客人排隊, 就不要讓客人可以自己跑進去坐。 ...",,2026-07-25 07:00:49.673297+00:00
